z (m),u (m/s),V (1/s),T (K),rho (kg/m3),H2,H,O,O2,OH,H2O,HO2,H2O2,C,CH,CH2,CH2(S),CH3,CH4,CO,CO2,HCO,CH2O,CH2OH,CH3O,CH3OH,C2H,C2H2,C2H3,C2H4,C2H5,C2H6,HCCO,CH2CO,HCCOH,N,NH,NH2,NH3,NNH,NO,NO2,N2O,HNO,CN,HCN,H2CN,HCNN,HCNO,HOCN,HNCO,NCO,N2,AR,C3H7,C3H8,CH2CHO,CH3CHO
0.0,0.046247765449858563,0.0,373.69999999999999,0.8649066524805715,0.022278777788377242,4.5421105964192678e-11,9.8555434843890773e-12,0.14778883283728383,8.744545402044905e-10,0.047456030324996464,7.2728298990837048e-06,1.9822232990066409e-05,2.3531648404577181e-15,2.3494286800814604e-15,4.0283468908224157e-15,2.3631899814924693e-15,2.3472331182193021e-08,0.092372588388464766,0.011478168267644981,0.0048527971042810775,1.5937190012604345e-12,0.00024687146532163297,3.3734089361987558e-14,1.4989986358527245e-08,3.9429809451032716e-05,2.2053587146465255e-15,8.665963418101693e-05,2.4726475590257744e-14,0.00033521839659530019,8.0906416421728194e-11,0.00017756638848147647,1.9076637594993412e-13,3.8440279739796978e-05,1.8566408665260772e-08,2.1972889493346022e-15,3.4435250728417762e-15,1.216996087124862e-11,1.4034941104277433e-07,2.2470479377107813e-15,5.1517865074548927e-09,6.2700564452873875e-08,2.9097866501968073e-09,2.891987017537861e-13,2.2523493162718881e-15,1.2455642282611501e-07,1.2109586907463882e-12,2.292358457439854e-15,1.0439356510518161e-09,1.4106636638597185e-11,1.4499769174993791e-08,5.5258520702818108e-14,0.6728185064012201,1.715937939611629e-15,2.1443254785571722e-11,1.7706011514702067e-06,1.2755596918905374e-11,8.3793497913146883e-07
0.000125,0.055439088637496532,0.0,447.06563424000001,0.7215125822406763,0.023313850128056431,4.6736875942164906e-11,1.0932637538099539e-11,0.14212748575712958,9.7207731313376654e-10,0.054454119108435339,8.5097840257760687e-06,2.3216302646299158e-05,0.0,0.0,1.9699432466479131e-15,4.2784586396851926e-17,2.7137282502275738e-08,0.088311607880286205,0.013438227046573671,0.0059125287532481958,1.9324901517898315e-12,0.00030019997666978608,3.8372141702906082e-14,1.8262559364475052e-08,4.8120705053534083e-05,2.1841187949050487e-20,0.0001046848276664206,2.7245612478681604e-14,0.00040692229326521093,9.9605285493581765e-11,0.00021894664623487497,2.1463448094749868e-13,4.8103091272175795e-05,2.3233474772967965e-08,0.0,1.2099864531994676e-15,1.3459702711252473e-11,1.6183235860158042e-07,2.9092995511824141e-19,6.0382896278512867e-09,7.5192153338672639e-08,3.5527817985254992e-09,3.3599094810626385e-13,0.0,1.5174393948783796e-07,1.4750854563514103e-12,0.0,1.2736166897408347e-09,1.7207701126058101e-11,1.7689961486269362e-08,6.4855550392584689e-14,0.671279637136171,0.0,2.785868661947924e-11,2.302915966645532e-06,1.5974056906959051e-11,1.0504829370203823e-06
0.00025000000000000001,0.064523530114101876,0.0,519.34357921000003,0.619928883760766,0.024282863837411971,2.6346495461420036e-10,2.9870935923021629e-11,0.13630863260098716,1.8166579030484976e-09,0.061401847746840765,1.0857687698074472e-05,2.6192585830489458e-05,8.9095032392283498e-20,2.9641552961788629e-20,8.3738194760122531e-15,2.1026708577028678e-16,6.9876639965524173e-08,0.084182614797224539,0.015479136456512738,0.0070494162049360544,5.0174539933560672e-12,0.00035659754102368169,9.9402267146851266e-14,3.0447266350496642e-08,5.7347366675378467e-05,9.744781538428056e-19,0.00012389666637019974,1.3901460503228203e-13,0.00048341078743036433,2.4325268056406589e-10,0.00026385493794155174,6.1694058706928935e-13,5.8658276573208793e-05,2.8330916345812275e-08,1.7292249843776338e-16,4.2017947946251656e-15,1.5209424943847186e-11,1.8337306288340642e-07,4.9668337560893072e-18,8.7275611806201008e-09,8.6387559683434814e-08,4.2445318442354492e-09,4.0345813699187186e-13,2.1852311172387446e-19,1.8051850236151803e-07,1.7078908445558282e-12,2.1621540512791271e-19,1.520521187713095e-09,2.0543886998438974e-11,2.1119326618865459e-08,8.2834390446986049e-14,0.66990986038318123,0.0,9.4045037288881648e-11,2.9118518345408187e-06,8.5175622128440447e-11,1.2831493390984807e-06
0.00037500000000000001,0.073512364759955429,0.0,590.64287208999997,0.5441261498040851,0.025202140585954852,1.4562410564776167e-09,1.0000624293214965e-10,0.13029431186915319,4.0732476273881104e-09,0.068362610615623404,1.4158503732290122e-05,2.8829779591661115e-05,0.0,0.0,4.461702954355761e-14,1.2954361244305873e-15,1.8973722677526996e-07,0.079956840434701026,0.017611753631189452,0.0082702692995629892,1.6245506273745216e-11,0.00041629759151116106,3.4835250666677398e-13,5.5655431503512918e-08,6.7123534634721085e-05,1.6890930225954533e-17,0.00014440663927729289,7.510267249993569e-13,0.00056512860026761017,7.8562512678720602e-10,0.000312585291729376,2.0315849044545075e-12,7.0178739750575674e-05,3.3892875433231625e-08,0.0,1.2160932657063306e-14,1.8231967955189432e-11,2.0514689420931639e-07,6.0574073264331396e-17,1.3552507297891362e-08,9.59663998755811e-08,4.9892501294424735e-09,5.2072280850310431e-13,0.0,2.1103384844167979e-07,1.8231894009210459e-12,0.0,1.7861478727603581e-09,2.4131258130151788e-11,2.4808641353233123e-08,1.1185494094036908e-13,0.66867737875072242,0.0,3.0889782440476483e-10,3.6047757374873766e-06,4.4985013229171486e-10,1.5375495162851017e-06
0.00043750000000000001,0.077994824958907194,0.0,626.12268975999996,0.5128545390203795,0.02564663682624654,3.5044568467751333e-09,2.1118001646873763e-10,0.12720387177355436,6.4569146019141195e-09,0.071861738001061978,1.6151800099427397e-05,3.0010115398181722e-05,2.7987315230633946e-19,1.1301840339476912e-19,1.156042590454576e-13,3.4766713834590607e-15,3.1930732517509103e-07,0.077800659819865073,0.018715592134084615,0.0089147187609316808,3.1673630932635427e-11,0.00044741806490806134,7.3193710349212527e-13,7.5949658987939094e-08,7.2192033305388493e-05,6.868944011025373e-17,0.00015518817616448665,1.7934994571213959e-12,0.00060810679263183047,1.5472282147514292e-09,0.00033850249679822888,3.9047716377934224e-12,7.6335032163700611e-05,3.6863341555734952e-08,2.3497809223620084e-16,2.3737721388221409e-14,2.0750227727020021e-11,2.1616026347043699e-07,2.0160865638331802e-16,1.708082614103182e-08,9.9806654596545761e-08,5.383078868366847e-09,6.3057172746232654e-13,1.0584421575053452e-18,2.2699818251715184e-07,1.806883247375264e-12,7.2510404487414427e-19,1.9265633361489519e-09,2.6030114450431516e-11,2.6758625181429522e-08,1.4571407682887775e-13,0.66810617873404476,0.0,5.3637750410863908e-10,3.9861603742231369e-06,1.0732803874786577e-09,1.6736267993387887e-06
0.00050000000000000001,0.082472017500465483,0.0,661.51347606646698,0.48501299243413454,0.026082292833571632,8.0380749002817919e-09,4.4971567103046254e-10,0.1240537361851123,1.0170497691463743e-08,0.075378456542288322,1.8361353799046313e-05,3.1088529422845642e-05,1.2509398444966362e-18,4.9911134039595641e-19,2.9594981650451323e-13,9.0258164657564153e-15,5.2388012741235278e-07,0.075612833460297679,0.019845842060514481,0.0095831210068831468,6.1969892151649163e-11,0.0004793856124798067,1.5754277775671508e-12,1.0058752509143071e-07,7.7358604174739142e-05,2.4622312523740233e-16,0.00016634039831757053,4.1568862867296981e-12,0.00065257526343601266,3.0054566053000732e-09,0.00036551578527386586,7.519059680988695e-12,8.2774966660919907e-05,3.9968735512045165e-08,6.0585860866352024e-16,4.3316056856272915e-14,2.4178870039940524e-11,2.2727259422940747e-07,6.1433245468144724e-16,2.1503454801731633e-08,1.0284794202104391e-07,5.7920299181018033e-09,7.8896765700787998e-13,4.5108705346145603e-18,2.434596917219504e-07,1.737333468332023e-12,3.3837845331166473e-18,2.0723442279288075e-09,2.800034235629212e-11,2.8782778069520734e-08,1.92096779640136e-13,0.66756278740570196,5.8401453679919428e-16,8.61071448166937e-10,4.3927406164475572e-06,2.4134396154607019e-09,1.816015500932665e-06
0.00056250000000000007,0.086946269499752246,0.0,696.83547357999998,0.46005424073977985,0.026509958649130479,1.7752400792619843e-08,9.7695956143117777e-10,0.12084188213043444,1.6027516167305105e-08,0.07891577916802002,2.0759107394238578e-05,3.2051061619905036e-05,0.0,0.0,7.5838937986227205e-13,2.3006640167182292e-14,8.4634369966273813e-07,0.07339191946596807,0.021003144788280612,0.010276072927563003,1.223701171999493e-10,0.00051214407766629112,3.4636559447812831e-12,1.2901542844106015e-07,8.2581686826613542e-05,8.1177924366894926e-16,0.00017787297973756897,9.4170395792767929e-12,0.00069856870365444894,5.7805475834850863e-09,0.00039365512620468703,1.4725023776260534e-11,8.9513062491417919e-05,4.321488694771046e-08,0.0,7.6014999130936141e-14,2.883173981270515e-11,2.3849204703242477e-07,1.7446831896744065e-15,2.6982012461555211e-08,1.0490712929476606e-07,6.2164892639817591e-09,1.017201402623253e-12,0.0,2.6043030623499098e-07,1.6318712644111694e-12,0.0,2.2236555144584835e-09,3.0041801114853297e-11,3.0882959933802403e-08,2.5450859101828741e-13,0.66704557061922931,0.0,1.2651095201255742e-09,4.8255951229305901e-06,5.1870871387143746e-09,1.9649398074105079e-06
0.00062500000000000001,0.091422354112855153,0.0,732.12843269999996,0.437529752849476,0.026930364087468604,3.7465425717497646e-08,2.1238109457222737e-09,0.11756666698594995,2.5260548803701089e-08,0.082476137121709855,2.3295814541456568e-05,3.2878068444709521e-05,5.9748263471226548e-19,1.2609302393885189e-18,1.9276353678409972e-12,5.759503224424594e-14,1.3507550812641132e-06,0.071136742490002083,0.022188049658013135,0.010994137545242009,2.4231072159142402e-10,0.00054558850931774136,7.648493331304833e-12,1.6028389363162854e-07,8.7800867467852087e-05,2.5355839641017511e-15,0.00018979561601642641,2.0781782621119317e-11,0.00074611809854136055,1.0913270049116673e-08,0.00042294900587837525,2.9433855404228823e-11,9.656895387090292e-05,4.6609842637989386e-08,1.5709308094579543e-16,1.3792783811631495e-13,3.5120569951878164e-11,2.4982523746276532e-07,4.6117798398262015e-15,3.3687063379044259e-08,1.0578977258763025e-07,6.6568361718984126e-09,1.3533973436945694e-12,8.9182898689017284e-18,2.7792115467724519e-07,1.5248812578292251e-12,1.6900012240367892e-18,2.3807006569129714e-09,3.2163634655586608e-11,3.3060935493641441e-08,3.5947279775867712e-13,0.66655314535951748,0.0,1.6782109737124337e-09,5.2858417140051142e-06,1.0554190534429642e-08,2.1206375017296808e-06
0.00068749999999999996,0.095901067364101727,0.0,767.40014277661976,0.4170965047558891,0.027344145571747042,7.4907602724023643e-08,4.5128991412561464e-09,0.11422681553148833,3.9647353266378972e-08,0.086061459887246811,2.5894761174304694e-05,3.3542992860161489e-05,5.6002325608973318e-20,5.2867861840959334e-18,4.7882193839341864e-12,1.4076645981430661e-13,2.1295343721096724e-06,0.068846370223530073,0.023401018790163083,0.011737847257923787,4.7562398060757161e-10,0.00057954002830986576,1.6630168443888745e-11,1.9311901291101457e-07,9.2934522452680675e-05,7.4421712704296181e-15,0.00020211863973387473,4.4416482942905583e-11,0.00079525016341232626,2.0047434857270522e-08,0.00045342340452537652,5.9683840933605025e-11,0.00010397035818346673,5.0165829513384872e-08,1.0775858642277341e-16,2.440208989766223e-13,4.3547187149940941e-11,2.6127750960189149e-07,1.1285966042637598e-14,4.1777784009569357e-08,1.0531315813342478e-07,7.1134272348825094e-09,1.8329080746732013e-12,1.8879198674613288e-17,2.9594277290628162e-07,1.4313684740436244e-12,4.7252362372640729e-19,2.5437351450765001e-09,3.4364849147647874e-11,3.5318356516783841e-08,5.1723812695252647e-13,0.66608432588332622,0.0,1.9968663642939197e-09,5.7746488327755923e-06,2.0079093547754942e-08,2.2833546420810996e-06
0.00075000000000000002,0.10038432033199494,0.0,802.66727505550659,0.3984686041373715,0.027751867051702052,1.411109021566848e-07,9.1992026395199238e-09,0.11082141473020607,6.1576456802376994e-08,0.089673232865004185,2.8452314423670556e-05,3.4011097570440344e-05,6.8848532441835292e-19,2.4562031361179178e-17,1.1466018900490989e-11,3.3331505242593e-13,3.3099328458535317e-06,0.066520104359374499,0.024642427336650247,0.012507707534873432,9.1409183029814617e-10,0.00061371447661017408,3.5024436387096746e-11,2.2610900446318566e-07,9.7879292554491689e-05,2.0601248024794815e-14,0.0002148539670011058,9.1534613941673848e-11,0.00084598626749439075,3.5626586806460511e-08,0.00048509936081611924,1.2116997387583614e-10,0.00011175629503484945,5.3902356279145091e-08,2.2782104697835821e-16,4.2326186210622949e-13,5.4724029422527649e-11,2.7285323621707458e-07,2.5517914701740389e-14,5.1373606305068459e-08,1.0333862247695065e-07,7.5866183410084991e-09,2.5042257576567215e-12,4.917427487992922e-17,3.1450541454180708e-07,1.3532002395388825e-12,3.202406404606599e-18,2.7131357950143338e-09,3.6651935631285519e-11,3.7656790671292983e-08,7.5902087326944863e-13,0.66563808029430027,0.0,2.1568419238525553e-09,6.2932444385276268e-06,3.5273881142006153e-08,2.4533263609307933e-06
0.00081250000000000007,0.10487303856473951,0.0,837.9385752718506,0.38141356965752105,0.02815402922412006,2.5009985516068617e-07,1.7783712119060294e-08,0.10734996089785119,9.4024233770300239e-08,0.093312474957020913,3.0849990283719205e-05,3.4238627957319803e-05,0.0,9.9719058631412962e-17,2.6212718292344755e-11,7.5936617941943481e-13,5.0578281376516809e-06,0.064157523693024271,0.025912540458694941,0.013304189003429556,1.7031799388933325e-09,0.00064768917324704064,7.0699399966364343e-11,2.5786847473396542e-07,0.0001025118023761545,5.3732154849479286e-14,0.00022801626986972899,1.8163059641998556e-10,0.0008983398054168304,6.1103980565252716e-08,0.00051798724293757763,2.4267744321375338e-10,0.00011997894284890436,5.7850419126150969e-08,0.0,7.1493258447005422e-13,6.9364661105517359e-11,2.8455589490709805e-07,5.3371364864510771e-14,6.2522688587137752e-08,9.980735004960765e-08,8.0767557507038621e-09,3.4194582225354055e-12,1.0236904238623163e-16,3.3361909032827109e-07,1.2801238112396223e-12,0.0,2.8894624420238527e-09,3.9032957985915177e-11,4.0077696148820763e-08,1.1237986395644689e-12,0.66521350710425309,0.0,2.1845109921833379e-09,6.8428935758536502e-06,5.6539030239776383e-08,2.6307415978716749e-06
0.00087500000000000002,0.10936777471842311,0.0,873.21979295993799,0.36573844629180424,0.02855107401707312,4.1797181734675427e-07,3.2454710118700109e-08,0.10381239584213438,1.4049367744046347e-07,0.09697971135609075,3.2978604214451958e-05,3.4173006814288262e-05,1.7236411724561556e-18,3.7621184025921853e-16,5.6926948260663727e-11,1.65704691583004e-12,7.5776556695301108e-06,0.061758538998150141,0.027211487255060687,0.014127720244425974,3.0600856851716123e-09,0.00068087666938772707,1.3612328737215317e-10,2.8717125301247197e-07,0.00010669300757479317,1.3212016264114591e-13,0.00024162465721570817,3.476243286606765e-10,0.00095231250600564632,1.0117709718483136e-07,0.00055207610986955505,4.7386110664656279e-10,0.00012870173612886381,6.2057701792537441e-08,1.0200991229438391e-15,1.1779016484895642e-12,8.8294120798562955e-11,2.9638816654915093e-07,1.0371775945216849e-13,7.5177022806340729e-08,9.4768845124025052e-08,8.5841816403279758e-09,4.640483663953436e-12,2.5996631287965216e-16,3.5329373522965578e-07,1.2064710501606495e-12,1.9985584609173806e-17,3.0735488928337312e-09,4.1527298718525213e-11,4.2582427981310504e-08,1.6753741958889075e-12,0.66480981437829512,0.0,2.1547554866667687e-09,7.4248059515424455e-06,8.1864042804860875e-08,2.8157219168874554e-06
0.00093749999999999997,0.11386839748445625,0.0,908.51121980000005,0.351282716571179,0.028943382134306708,6.6199281479959979e-07,5.5955878201447751e-08,0.10020915231147358,2.0509154698479472e-07,0.10067492163871954,3.4767448619207464e-05,3.3754683907220111e-05,7.9881490191169242e-19,1.2591048981672158e-15,1.1740861245364336e-10,3.4595253105474095e-12,1.1109072453125264e-05,0.05932347111042232,0.028539224309761732,0.014978676505701543,5.2988058410879984e-09,0.00071251459710203419,2.4992413126139066e-10,3.1317585866417199e-07,0.00011027504521433092,3.0692376258855707e-13,0.0002557048610586199,6.4448186517211113e-10,0.001007888830485848,1.6206938874327355e-07,0.00058731541091444335,8.9622960877509227e-10,0.0001379913492067801,6.6594210854010978e-08,1.7822094441276073e-15,1.8799451994780663e-12,1.1246193189104364e-10,3.0835190902383675e-07,1.8855934908845084e-13,8.9184105136022066e-08,8.8390679919144277e-08,9.1092096755918669e-09,6.224322268433104e-12,5.5211190725135653e-16,3.7353934339434497e-07,1.1280231605952515e-12,4.7041535799066082e-17,3.2665717607734265e-09,4.415158747323723e-11,4.5172215464709362e-08,2.4731411467314051e-12,0.66442630442881911,0.0,2.1248690689757305e-09,8.039889310727754e-06,1.0659471042666729e-07,3.0083800833972874e-06
0.001,0.11837487628108824,0.0,943.81397428000002,0.33790954006896456,0.029331265396153852,1.0007279015828992e-06,9.1558657774057835e-08,0.096541218967831383,2.9293753582830408e-07,0.10439746570421407,3.6204968070382918e-05,3.2921215051086461e-05,0.0,3.842580549500648e-15,2.3085113431551453e-10,6.9267742144066788e-12,1.5923041249920288e-05,0.056853148317088147,0.029895485697382464,0.015857363702828295,8.8693624337308186e-09,0.00074167763634393159,4.3891324688952311e-10,3.3565977533301297e-07,0.00011310977968672597,6.7704819155224018e-13,0.00027029202197168862,1.1642674965875166e-09,0.0010650278105483826,2.5184116015808725e-07,0.00062358690180632902,1.6394834708450704e-09,0.00014790474845401027,7.1557789840103861e-08,3.1833811563612843e-15,2.9160082907196515e-12,1.4303236090958061e-10,3.204480484324964e-07,3.2348119850238494e-13,1.0430043504964713e-07,8.0943744283154059e-08,9.6521257859222261e-09,8.2490072105252846e-12,1.1307463546559233e-15,3.9436616908411125e-07,1.0485238174615017e-12,1.1737788364432381e-16,3.4701448407852027e-09,4.6941155963152461e-11,4.7848180383801663e-08,3.6088139595586686e-12,0.66406236134086427,0.0,2.1216392984454761e-09,8.6882291409311716e-06,1.2550573006508023e-07,3.209025666982384e-06
0.0010625000000000001,0.12288496487526436,0.0,979.1115467475347,0.32550768143526804,0.029714958873272881,1.4560771215834484e-06,1.4316137925378623e-07,0.092810221801281415,4.1095525225029146e-07,0.10814600670028639,3.7338189398545357e-05,3.16141149660262e-05,3.2133369468042e-18,1.0855359589721145e-14,4.35710054505764e-10,1.3367916853107106e-11,2.2320562961050325e-05,0.05434900759272638,0.03127972063146793,0.016764001875151965,1.4410716084408105e-08,0.00076731067132982549,7.411147277442453e-10,3.5515526404141773e-07,0.00011505761333278855,1.4275264026190408e-12,0.00028543433366648121,2.062447471042945e-09,0.0011236519517579778,3.80583778720949e-07,0.00066066661854042523,2.907437482807092e-09,0.00015847802160338711,7.7079004716024121e-08,6.7130466975191542e-15,4.4102607399717537e-12,1.8149675202618725e-10,3.3267640017739226e-07,5.2875214651987877e-13,1.202234202994956e-07,7.276664179992754e-08,1.0213152330242725e-08,1.0821453490891477e-11,2.2818222310727089e-15,4.1578504124095907e-07,9.73569386542875e-13,3.2794759714802601e-16,3.6863739478991229e-09,4.994626289273496e-11,5.0611320454776005e-08,5.1985885996537312e-12,0.66371743579811804,0.0,2.1580111165397208e-09,9.368150131835897e-06,1.3605825178792037e-07,3.41848397598571e-06
0.0011250000000000001,0.12739449693400265,0.0,1014.3722118759517,0.31398530519520823,0.030094615059294151,2.0572832714840278e-06,2.1560370305118976e-07,0.089018537852119217,5.688734997731636e-07,0.11191841885485709,3.8248052873177133e-05,2.97891304029634e-05,3.8264597390509346e-18,2.8846450351660232e-14,7.9596588788007825e-10,2.5025646004216182e-11,3.0635715498567018e-05,0.051813204228946981,0.032691013065166703,0.01769870725276176,2.2808306934927925e-08,0.00078827607607914589,1.210504840065905e-09,3.7275865871155184e-07,0.00011599502720365292,2.8966535964672492e-12,0.0003011978855939652,3.6028669778830581e-09,0.001183632293630068,5.6013989130624276e-07,0.00069817921245661041,5.0205379150260542e-09,0.00016972398742817985,8.3325271246153562e-08,1.2213268458228259e-14,6.5213818316838359e-12,2.2980640778519766e-10,3.4503548297562027e-07,8.3166015247496902e-13,1.3663125932371097e-07,6.4221030158226793e-08,1.0792391652419177e-08,1.4088757559584343e-11,4.4117330788815371e-15,4.3780787337708609e-07,9.0727655855451386e-13,7.8445778721842254e-16,3.9178993757757801e-09,5.3226480999297172e-11,5.3462469736707561e-08,7.3790550099069922e-12,0.66339102772396608,0.0,2.2450217829713099e-09,1.0074717889441131e-05,1.3964154202091153e-07,3.6383456543443182e-06
0.0011875000000000002,0.13189614412361819,0.0,1049.5391975013185,0.3032689110612928,0.030470298373942196,2.8457383689157984e-06,3.1513841048127825e-07,0.085169462716618627,7.8012878474649497e-07,0.11571164809528586,3.9011618229051255e-05,2.7430412798454625e-05,6.493775040184539e-18,7.3285737214239539e-14,1.4180856684198447e-09,4.57019893155191e-11,4.1240817833519736e-05,0.049248751481730073,0.034127974992099915,0.018661467368629198,3.5241764905185475e-08,0.00080340814844540509,1.9233006606927962e-09,3.8971903221757598e-07,0.00011582033964386995,5.6894990824412508e-12,0.00031767315550728796,6.231127917789347e-09,0.0012447679116077241,8.028911859029174e-07,0.000735549056339543,8.4833317581459618e-09,0.00018163711925548953,9.0504247813623291e-08,2.1689364680181332e-14,9.4680761798457735e-12,2.9050621694520765e-10,3.5752233656458112e-07,1.2701369315083117e-12,1.5321897626916649e-07,5.56512512516381e-08,1.1389757269201139e-08,1.8267455821693031e-11,8.3304602614190504e-15,4.6044837520423272e-07,8.5367756221521658e-13,1.8172792649494707e-15,4.1679569804623711e-09,5.6863083460036195e-11,5.6402241230440169e-08,1.0334961827778059e-11,0.66308267099694074,0.0,2.3963145897435413e-09,1.0797613297766464e-05,1.3978329626752608e-07,3.870944588667772e-06
0.00125,0.13638291917305367,0.0,1084.5586390000001,0.2932918597323028,0.030841973826549244,3.8789555217758512e-06,4.4985821282310104e-07,0.081267460076991982,1.062388478287662e-06,0.11952148213931088,3.9668132372409441e-05,2.4567782818080866e-05,3.3397014503637661e-17,1.8023364845307483e-13,2.4781073083525892e-09,8.176076702774813e-11,5.4545152387051146e-05,0.046659723506490315,0.035588600573163369,0.019652098805052049,5.3208205092289492e-08,0.00081157389728097305,2.9851380598527713e-09,4.0691780531450743e-07,0.00011445855200547024,1.0862443280391689e-11,0.00033498359990915167,1.0689672783682221e-08,0.001306756856892652,1.1193950219574935e-06,0.00077195552625408605,1.4085855432553817e-08,0.00019419705838007154,9.8866099539219965e-08,3.8855310695767527e-14,1.354623970062726e-11,3.667983395235537e-10,3.7013222851868706e-07,1.8972236670908915e-12,1.6972298587523588e-07,4.7356667666674726e-08,1.2004838947677793e-08,2.3656462123969499e-11,1.5465991541810841e-14,4.8372275631958816e-07,8.1478986082535187e-13,4.1510710949726041e-15,4.440431735662145e-09,6.0956587438901183e-11,5.9430860800931888e-08,1.4303485540139249e-11,0.66279192739533166,0.0,2.6284332577833072e-09,1.1518558206111229e-05,1.3971461053650598e-07,4.1190038371887402e-06
0.0013124999999999999,0.1408384492399101,0.0,1119.3022927792028,0.2840133515797853,0.031209493682099392,5.2325436816338888e-06,6.2975944847291475e-07,0.077318393821102893,1.4372883758441393e-06,0.12334232795570703,4.0203830761848265e-05,2.1293282390516286e-05,1.0541443182979336e-16,4.3211512648096126e-13,4.2597480764397237e-09,1.435356016371259e-10,7.0979556187355651e-05,0.044051464846038904,0.037070112004417378,0.020670207849800563,7.8460376489212074e-08,0.00081174576266985381,4.5349290861388099e-09,4.2472684163522087e-07,0.00011186702151918875,2.0191051684490745e-11,0.00035329713231356606,1.8176556225012458e-08,0.0013691562172447949,1.5156631785321588e-06,0.00080630168398982587,2.3032390959329769e-08,0.00020736430896282679,1.0870360554826779e-07,6.7944055217004447e-14,1.9143058210350106e-11,4.6254365257196805e-10,3.8285852404426189e-07,2.7849839371129982e-12,1.8593484049406712e-07,3.9576258240092739e-08,1.2636704544013429e-08,3.0643093207837742e-11,2.8112036868466344e-14,5.0765102146957592e-07,7.9109441624031781e-13,9.193078794349955e-15,4.7399107568004779e-09,6.5618232277716536e-11,6.2547948924718225e-08,1.9567920881130962e-11,0.66251837890333476,0.0,2.9611239686381504e-09,1.2208862834716389e-05,1.4145125853635926e-07,4.3850065452059483e-06
0.0013437499999999999,0.14305175041774987,0.0,1136.5496495869643,0.27961908808921015,0.031391567037678592,6.0651916021725878e-06,7.4115562562113187e-07,0.075329100556917994,1.6685917759047825e-06,0.12525401993982738,4.0404243669665393e-05,1.956186664288584e-05,1.9934006581760072e-16,6.6539222969969867e-13,5.5612026575831363e-09,1.8910497866556282e-10,8.0538485499418832e-05,0.042742764983244128,0.037817281907522309,0.021189337462060455,9.4492341101880027e-08,0.00080850203189559706,5.5517180998191371e-09,4.3383697054116622e-07,0.00011010624647681454,2.7288815716395826e-11,0.00036291674999229772,2.3641362396683564e-08,0.0014002670119054434,1.7441991771819698e-06,0.00082217527176924054,2.9348267328132479e-08,0.0002141495721276467,1.1430367012502702e-07,9.0363964935733792e-14,2.2703315790826565e-11,5.1944218855409631e-10,3.8926175922754371e-07,3.3593048230677978e-12,1.9387459275214195e-07,3.5944946589506951e-08,1.2958292510725902e-08,3.4924563151233533e-11,3.7706996081788281e-14,5.1987037891627789e-07,7.8566071801353523e-13,1.3649946822085007e-14,4.9018341003106244e-09,6.8210961924304252e-11,6.4139243778472841e-08,2.2816644907600139e-11,0.66238795985705412,0.0,3.1730884550145659e-09,1.2527171698753797e-05,1.434275522890051e-07,4.5252891715568186e-06
0.0013749999999999999,0.14525321502550576,0.0,1153.697021423777,0.27538116793427986,0.031572470521806985,7.0162147856292146e-06,8.6856878751040881e-07,0.073330986905531761,1.9329665487785869e-06,0.12716553459051891,4.054598350968326e-05,1.7793956832329213e-05,3.542776650823372e-16,1.0187543770413062e-12,7.2307211726057294e-09,2.4792403854208514e-10,9.1041755275392641e-05,0.041431995850673593,0.038568192466353353,0.021715139677474831,1.130575840516195e-07,0.00080294655334673965,6.7594222074659023e-09,4.4281357937277527e-07,0.00010803735619687074,3.6640641344065153e-11,0.00037288307207235737,3.065081845158691e-08,0.001431214656668994,1.9918710650473863e-06,0.00083697427752229734,3.7256289304577916e-08,0.00022105718720909136,1.2040810613845308e-07,1.1956037476043608e-13,2.6851078804570075e-11,5.8298122399547328e-10,3.9569068659155481e-07,4.0376812571344535e-12,2.0168877173632954e-07,3.2504472730743307e-08,1.32833669494903e-08,3.9804678129573836e-11,5.0285709537715275e-14,5.3226532555206979e-07,7.8368916493058005e-13,2.0104699221381675e-14,5.072699420254114e-09,7.0995784510581249e-11,6.5752304037755894e-08,2.6526181959819515e-11,0.66226172895406077,0.0,3.4172452725593226e-09,1.2821136914876898e-05,1.461205695156233e-07,4.6704671275563332e-06
0.0014062499999999999,0.14744100059978532,0.0,1170.730129,0.2712949575758868,0.031752135985377912,8.1015056539159886e-06,1.013768698322488e-06,0.071325351918849381,2.2341200164976392e-06,0.12907562077676216,4.0615370336130241e-05,1.6019271513450571e-05,6.3977614280034796e-16,1.5514121275130031e-12,9.3641688617960112e-09,3.2342483105544794e-10,0.000102530154882439,0.040120330256044598,0.039322171316327023,0.022247471207534102,1.3436977004432205e-07,0.00079502516097728411,8.1846979243720196e-09,4.5145721358558489e-07,0.00010566784787943232,4.8881033011298737e-11,0.0003832367849842837,3.9606048609309557e-08,0.0014618745226054615,2.2572574142384697e-06,0.0008504820375922357,4.7136041044883696e-08,0.0002280694398248133,1.2706454284752776e-07,1.5826209517545986e-13,3.1674729814156765e-11,6.5381670006386083e-10,4.0214368371893297e-07,4.8369541806976587e-12,2.0936670643720415e-07,2.9267863299056848e-08,1.3611511528999688e-08,4.536229926079019e-11,6.6760653148167566e-14,5.4484006111281548e-07,7.8530218744332808e-13,2.9484428695107471e-14,5.2533008379145686e-09,7.3989771266071806e-11,6.7386706133296449e-08,3.0747928969826949e-11,0.66213964350014787,0.0,3.6956710697918147e-09,1.308391208777325e-05,1.4956019932916842e-07,4.820360978073e-06
0.0014375,0.14960642810219432,0.0,1187.5804573157975,0.2673681907080375,0.031930482829181643,9.3383608205099697e-06,1.1784974318998272e-06,0.06931361099393514,2.5758429064637192e-06,0.13098291770005063,4.0598745051595228e-05,1.4269266466788935e-05,1.1591056732418201e-15,2.3504854568106011e-12,1.2079481725985869e-08,4.1976496620655867e-10,0.0001150357532501581,0.038809050073788161,0.040078468443637903,0.022786170150047892,1.5860085754944689e-07,0.00078471128156656119,9.8539516829317894e-09,4.5965823707600653e-07,0.00010300892345744566,6.4775570424562078e-11,0.00039402435101442513,5.0990687404172206e-08,0.0014921003412771022,2.5386204569310444e-06,0.00086247058133233335,5.9448103686397623e-08,0.00023516375843359407,1.3432206677881647e-07,2.0976700984676017e-13,3.7271614609318667e-11,7.3264461035144622e-10,4.0861899809145317e-07,5.7753854663954293e-12,2.1690139378624363e-07,2.624420120847497e-08,1.3942208980151051e-08,5.1682274973325226e-11,8.8219099517302462e-14,5.5759952515881004e-07,7.9087538473898998e-13,4.307120359890119e-14,5.444472509036915e-09,7.7209220960532389e-11,6.9041913005739779e-08,3.5534654996819637e-11,0.66202166066877488,0.0,4.0107097770009441e-09,1.3308239289361108e-05,1.5380360576432864e-07,4.974589272339389e-06
0.0015,0.15387537907578311,0.0,1220.7753895694902,0.25995061874250713,0.032282981530455952,1.2321750484688601e-05,1.571389486254272e-06,0.065276188396606011,3.3936303693926222e-06,0.13478510226361362,4.0267632909196927e-05,1.0936394580137637e-05,3.604243581300732e-15,5.2860374775225104e-12,1.9808479963095451e-08,6.9498360905811132e-10,0.00014315329021511458,0.036191601509277915,0.04159560706471864,0.023882115211162881,2.160091054475892e-07,0.00075695607546125349,1.4011312300533067e-08,4.7357466309126023e-07,9.6871783387876177e-05,1.1143010588755578e-10,0.00041705335412831464,8.3295804787116865e-08,0.0015507544165310834,3.1413329819221288e-06,0.00088120948595091654,9.333490846064687e-08,0.00024951452813446194,1.5078309259767319e-07,3.6359757011244139e-13,5.1093161437213968e-11,9.1634072878266218e-10,4.2163162124031595e-07,8.1424933605699436e-12,2.3153327253571233e-07,2.0848602450425796e-08,1.4609384817457939e-08,6.6860944675551948e-11,1.5131813417993486e-13,5.8368903217533216e-07,8.1181109560131379e-13,8.9725674203182595e-14,5.8609841802156532e-09,8.4365825230682748e-11,7.2412672505215054e-08,4.6952223780499321e-11,0.66179777241068061,0.0,4.7495092151305109e-09,1.3619907727255427e-05,1.6433632097100415e-07,5.2941654948263853e-06
0.0015625000000000001,0.15804528170189938,0.0,1253.1685890000001,0.2530920225469827,0.032628844940259902,1.613953477984773e-05,2.0620626349023331e-06,0.061235116090114589,4.4239106742161523e-06,0.13855656334401389,3.94861758736977e-05,8.0412399162434251e-06,1.0984963679890106e-14,1.1620736660988222e-11,3.1926562575628514e-08,1.126585986775948e-09,0.00017548197369567613,0.033594033288586726,0.04311072742420595,0.025000578378279681,2.8572635867366937e-07,0.00072020202641879627,1.9442147599736067e-08,4.8295786902573893e-07,8.9816401919886338e-05,1.8703720078585334e-10,0.00044249008124959085,1.3347327490257291e-07,0.0016053443962760325,3.7835441261931574e-06,0.00089114155180390999,1.4447013795130958e-07,0.00026377292690922565,1.7020961246316191e-07,6.3241389518941165e-13,6.9325688484848284e-11,1.1409879605622545e-09,4.3470535503123274e-07,1.1335034175449957e-11,2.4559627626501275e-07,1.6314106150843803e-08,1.5277397448041796e-08,8.6168675116000554e-11,2.5439510145789947e-13,6.1058281203988502e-07,8.4865884493272467e-13,1.8265760050092766e-13,6.3296099724377787e-09,9.2579121417535139e-11,7.5854918282463088e-08,6.1237824809349763e-11,0.66158977675438468,0.0,5.6348577016111789e-09,1.3694695071448861e-05,1.7770107987397217e-07,5.6202676216697731e-06
0.0016250000000000001,0.16206837585941791,0.0,1284.3862898179048,0.2468094086082184,0.03296677127672993,2.0967229553783559e-05,2.6602240690838672e-06,0.057207148424438511,5.7040151087425202e-06,0.1422814917520035,3.8232529951555291e-05,5.7167447176398539e-06,3.2548560498344668e-14,2.4912165984931236e-11,5.0502872506558688e-08,1.786332949303093e-09,0.00021179991993925678,0.031031057485571008,0.04461439492164191,0.026139186479946154,3.666316145853585e-07,0.00067549870544864955,2.6280822575854279e-08,4.8678469760773779e-07,8.2072048534008595e-05,3.062703914805255e-10,0.0004709134595081113,2.0891829630820991e-07,0.001653735241344914,4.4470515749577885e-06,0.00089055973696470809,2.1999695866413052e-07,0.00027750619459024524,1.9298835364943172e-07,1.1030389977258755e-12,9.300519044817602e-11,1.4133505284388049e-09,4.4781619441086837e-07,1.5565297283552835e-11,2.5914365963274961e-07,1.2595709345207764e-08,1.5936921181447838e-08,1.1036867468039858e-10,4.1841080692381585e-13,6.3834791604045033e-07,9.0503553085292422e-13,3.6248853290875412e-13,6.8570755747250529e-09,1.0192404103145496e-10,7.9356879663960578e-08,7.876752008016164e-11,0.66139749194248565,0.0,6.648792685809388e-09,1.3488332022822183e-05,1.9366327802827524e-07,5.9398804938320895e-06
0.0016875000000000002,0.16590809127219433,0.0,1314.1448166,0.24109734307251746,0.033295150810881857,2.6992768105068168e-05,3.3709977540266435e-06,0.053211364148909791,7.2740953451989493e-06,0.14594220845308459,3.6524863995222864e-05,3.9850970722351988e-06,9.3395093343222088e-14,5.1969817497644051e-11,7.8314359401710379e-08,2.7685357113516803e-09,0.00025156439570868123,0.028519044220601142,0.046095659848109378,0.02729506968991682,4.5618837579871495e-07,0.0006244620377836769,3.4579400540035864e-08,4.8408524862119703e-07,7.3917054172698829e-05,4.8960091286335255e-10,0.00050297011078616403,3.1835394062610816e-07,0.001693363919814832,5.1092780248449156e-06,0.00087813748086144438,3.2902216959309236e-07,0.00029014453921452269,2.1949021005530004e-07,1.9289590092987251e-12,1.232246134253109e-10,1.7402256370246226e-09,4.6093585261009415e-07,2.1068759812729395e-11,2.7226046185452449e-07,9.6166640016963173e-09,1.6575815003600267e-08,1.4013290674212907e-10,6.7249706433470975e-13,6.6707010291522376e-07,9.8602372981500037e-13,7.0012287534989143e-13,7.4491443799114572e-09,1.1243345638609702e-10,8.2901975449225431e-08,9.982799742430331e-11,0.66122081185203996,0.0,7.7465214860453352e-09,1.2977784736388555e-05,2.1163901204965868e-07,6.2347724263727476e-06
0.00175,0.16961240474625197,0.0,1342.8313306360146,0.235831807583741,0.033612040092766027,3.4397271730959493e-05,4.1943190692706654e-06,0.049269843983639233,9.1800509259909432e-06,0.14951861979804013,3.4412987045626827e-05,2.7730562625563525e-06,2.587570720292055e-13,1.0526887869694445e-10,1.1895380878318933e-07,4.194565448556043e-09,0.0002939078031223697,0.026076127032249589,0.047541906678120548,0.028464583228510552,5.5052015773029478e-07,0.00056915236083583838,4.4327980366477902e-08,4.7313055766470218e-07,6.5657442199970798e-05,7.6720782102777769e-10,0.00053931035470568224,4.7155481050066237e-07,0.0017213669219073551,5.7363253811248866e-06,0.00085314108896654916,4.8269830889187874e-07,0.00030099191466609896,2.5005655054112725e-07,3.3794531117204819e-12,1.6101399233617949e-10,2.1274041740605296e-09,4.7402964120546106e-07,2.811192229701734e-11,2.8505045475613359e-07,7.2813973750667631e-09,1.7179099171873884e-08,1.759003543285026e-10,1.0584939695279609e-12,6.9684982662500364e-07,1.0951627847106526e-12,1.3105967441765156e-12,8.1094311615216674e-09,1.2409652161212243e-10,8.6467022956574361e-08,1.2455812288031954e-10,0.66105979463604625,0.0,8.8473665515184455e-09,1.2167972500984118e-05,2.2998087088650919e-07,6.481828792429841e-06
0.0018124999999999999,0.17306331410477607,0.0,1369.5199363577647,0.23112928471833105,0.03391529750077342,4.3314090581168426e-05,5.1121206079516022e-06,0.045406757014644042,1.1437685414382224e-05,0.15298919124610938,3.1994681403254729e-05,1.9644849032103716e-06,6.8710259656720041e-13,2.0581767495724107e-10,1.7626351775679378e-07,6.1850228545255766e-09,0.00033725422913698184,0.023721381813507546,0.048939390799332919,0.029643440369637921,6.4399318810533835e-07,0.00051190642285186801,5.5292970742355995e-08,4.5504942963104546e-07,5.7606006102553606e-05,1.17217839502472e-09,0.00058048882841291269,6.7489152957343047e-07,0.0017347848825615437,6.2968801925272136e-06,0.00081579548205296375,6.9161944643236426e-07,0.00030926031215315391,2.8486386675332201e-07,5.91236704643261e-12,2.0722614508665791e-10,2.5785612370673618e-09,4.8705983493860415e-07,3.6876160037090197e-11,2.9762738017193379e-07,5.4872653430169719e-09,1.7729276112998098e-08,2.1780940841879567e-10,1.6219397871461036e-12,7.2780786948923046e-07,1.249517209227713e-12,2.374197010264731e-12,8.8379472125129688e-09,1.3681717117380318e-10,9.002173068346093e-08,1.5274428177948661e-10,0.66091468436523715,0.0,9.8499904810312356e-09,1.1100328807762017e-05,2.4790313510553107e-07,6.6552522985226507e-06
0.0018749999999999999,0.17628669734013594,0.0,1394.4252739999999,0.2269031106910599,0.034202762911401265,5.3811646429040366e-05,6.0979960297929836e-06,0.041647447592798516,1.4056141086926449e-05,0.1563319326551382,2.9372302528845999e-05,1.4355023915784966e-06,1.7381681475647161e-12,3.8674232843996961e-10,2.5420013716272091e-07,8.86024497789311e-09,0.00037981823234965213,0.02147354989486349,0.050273847373473152,0.030826796306059504,7.3064163636173621e-07,0.00045499452081002945,6.722287573364102e-08,4.2971037881389601e-07,5.003566090912483e-05,1.7477760170183632e-09,0.00062684297910240946,9.3145231560108722e-07,0.001730991408408384,6.7483145239061471e-06,0.00076720822045457616,9.65429643771399e-07,0.00031417082720713928,3.239605669980605e-07,1.0270121817546875e-11,2.6232130316664599e-10,3.0938649395567495e-09,4.9998852429550583e-07,4.752009316858042e-11,3.1010774174075707e-07,4.1324383169737777e-09,1.8207689043097563e-08,2.6550565887930913e-10,2.4199442218342238e-12,7.6008327832924292e-07,1.4647608426411569e-12,4.1417825212318074e-12,9.6297927834386771e-09,1.5045123335460149e-10,9.3528460127597364e-08,1.8388578305279615e-10,0.66078582049538481,0.0,1.0630641660207085e-08,9.8427231633095085e-06,2.6321014845733473e-07,6.7291408702955941e-06
0.0019375,0.1792251319675173,0.0,1417.1037326431058,0.22318298533722564,0.034472412166073829,6.5854297897636162e-05,7.1089986111744246e-06,0.038017949394436396,1.7001960914540672e-05,0.15952490272546904,2.6659788271126545e-05,1.0881540234303404e-06,4.1581612877158356e-12,6.9471129883320712e-10,3.5560127051696298e-07,1.2288669406213986e-08,0.00041949651106519309,0.019350318752326349,0.051531029532462011,0.032009164309703436,8.0456639407187832e-07,0.00040039401262982659,7.9747610994926602e-08,3.9869730358140649e-07,4.3157118710829443e-05,2.5337837184546173e-09,0.00067834173627251166,1.2359009752706373e-06,0.0017080886283719905,7.0563806491860376e-06,0.00070945245502371886,1.3083828963234766e-06,0.00031506091058705415,3.6709450920432265e-07,1.7565386361071478e-11,3.2623785248151841e-10,3.669092046799199e-09,5.1277816433186801e-07,6.0050046782516908e-11,3.2260025506363797e-07,3.1240331848627774e-09,1.8595712902973092e-08,3.1815142322226424e-10,3.5046610889765307e-12,7.9382225706417723e-07,1.7695069772203829e-12,6.940012272220668e-12,1.0473634606322908e-08,1.6478999050281483e-10,9.6941819888498109e-08,2.1709003400191162e-10,0.66067368255730619,0.0,1.1077692829078454e-08,8.4832873071392306e-06,2.7437989721009021e-07,6.6822309466383752e-06
0.00196875,0.18059903472959205,0.0,1427.7030352858203,0.2214851262469086,0.03459989547139046,7.2398564059742768e-05,7.6073616998228191e-06,0.036261871779142939,1.8579887373629397e-05,0.16105701680948839,2.5304943080089828e-05,9.5788905731136039e-07,6.2895793373678966e-12,9.1403424691811912e-10,4.1543632948998833e-07,1.428711236280191e-08,0.00043754598767868695,0.018341459456104749,0.052125431034785681,0.032597615063255203,8.351466927800458e-07,0.0003745132486231559,8.6119513851158262e-08,3.8138098064037665e-07,4.0024808757746756e-05,3.0182358967516171e-09,0.00070583335849608764,1.4020440369336926e-06,0.0016891842441534768,7.1466156405904543e-06,0.00067814100991231505,1.5049462904785196e-06,0.00031383878252485241,3.8998393672842291e-07,2.2841780611771012e-11,3.6120635261673185e-10,3.9757687505735259e-09,5.1910643577138081e-07,6.6988763405241401e-11,3.2888483497805521e-07,2.7204469954728901e-09,1.8749444117877589e-08,3.4583417329487162e-10,4.1712609810863686e-12,8.1129058727841393e-07,1.965683570280268e-12,8.8338983817960392e-12,1.0908104599594524e-08,1.7214001071663672e-10,9.8593460297146532e-08,2.3405446126494227e-10,0.66062410846209485,0.0,1.1155128019947388e-08,7.7989058542339076e-06,2.7769333489930977e-07,6.6087377906459651e-06
0.002,0.18190872583338041,0.0,1437.8052706511698,0.21989049627392385,0.034722342033394839,7.9261437852967085e-05,8.0932402512753732e-06,0.034547970677210112,2.0217679354357484e-05,0.16254385023523335,2.3962765335155207e-05,8.5012879054793202e-07,9.3624766844495138e-12,1.1876433690608778e-09,4.8135944788216408e-07,1.6469718802596319e-08,0.00045416418486548621,0.017369450649964042,0.052695428121389894,0.033183501506391544,8.6089173107887482e-07,0.00034971539039510357,9.2516563947163065e-08,3.6318736735931248e-07,3.7105941206473882e-05,3.5693390327552448e-09,0.0007343861808940883,1.5746055601494553e-06,0.0016653065304175724,7.1917047445943346e-06,0.00064558295653624465,1.7170226552690248e-06,0.00031147381403122859,4.1365967764269441e-07,2.948904493826959e-11,3.9803149131491416e-10,4.2936329300596333e-09,5.2538689129972903e-07,7.4350517089151189e-11,3.3520623327027465e-07,2.3748694974610451e-09,1.8874304500395207e-08,3.7421580656908046e-10,4.9282297069519225e-12,8.2917791961163951e-07,2.1965713648021056e-12,1.111666653214787e-11,1.134805354583495e-08,1.7958016928523956e-10,1.0020119376565956e-07,2.5108442212233568e-10,0.66057887828027173,0.0,1.1127201746618113e-08,7.1222000531524196e-06,2.7933301413048307e-07,6.5012140420416982e-06
0.0020312500000000001,0.18315406980919346,0.0,1447.410648,0.21839536544867863,0.034839635187934037,8.640407699552326e-05,8.5593742638821324e-06,0.032879121551946791,2.1902430182426076e-05,0.16398320542632625,2.2643914194254098e-05,7.5993814387116894e-07,1.3714091681833857e-11,1.5234041320420655e-09,5.5304137062558812e-07,1.8820826570309538e-08,0.00046913817008159211,0.016435666690870578,0.053239619048411534,0.033766009915433277,8.8144376083972101e-07,0.00032609767875043185,9.8892280956651259e-08,3.443681284471066e-07,3.4403115848080216e-05,4.1894351596136453e-09,0.0007638548753841816,1.750533516372782e-06,0.0016365851251316803,7.1910429455628649e-06,0.00061218567753358751,1.9426081573566759e-06,0.00030796861101681239,4.3798454780606211e-07,3.779046800276642e-11,4.3650788823335344e-10,4.6208068665369155e-09,5.3161583491985297e-07,8.2097456487133524e-11,3.4157290556136988e-07,2.0789948540328938e-09,1.8968747791739677e-08,4.0306804118955907e-10,5.7793317558751137e-12,8.4749596792955536e-07,2.4672282024265912e-12,1.3828020910440128e-11,1.1790061361844946e-08,1.8707640515359392e-10,1.017576548533574e-07,2.6799055069449902e-10,0.66053803991717386,0.0,1.09944494270667e-08,6.4630841310944028e-06,2.7918701051479863e-07,6.3602091189745164e-06
0.0020625000000000001,0.18431478919815059,0.0,1456.3601494463817,0.21702002413408367,0.034951707529307249,9.3781031860749514e-05,8.9982053864716588e-06,0.031257917855098363,2.3615580900650051e-05,0.16537317566131848,2.1358137863194975e-05,6.8362541645661014e-07,1.9759107074388889e-11,1.9283510108254919e-09,6.2987097749676869e-07,2.1311639904277624e-08,0.00048228100355295799,0.015541177256439609,0.053756786087241597,0.034344343542737667,8.96645758058509e-07,0.00030372293575707228,1.0518924661809275e-07,3.2531085305023357e-07,3.1914318799733031e-05,4.8756543867803361e-09,0.00079406528691787026,1.9262131654733661e-06,0.0016032394786549236,7.146241688561349e-06,0.00057835667907361389,2.1788995268732141e-06,0.00030335012459233951,4.6279156731935296e-07,4.8039415159332371e-11,4.7639597435983757e-10,4.9552083764048093e-09,5.3779016718815553e-07,9.0163807002038518e-11,3.4799150813387287e-07,1.8255884274624238e-09,1.9031537132853891e-08,4.3215598092765779e-10,6.7233298655565161e-12,8.6625336002806652e-07,2.7844609209400208e-12,1.7010846559397086e-11,1.2230386058980898e-08,1.9459473193656772e-10,1.0325538571436975e-07,2.8458017007321727e-10,0.66050162598538953,0.0,1.076086911628969e-08,5.8301524694573173e-06,2.7738855095181718e-07,6.187188024275918e-06
0.0020937500000000001,0.18541287483110852,0.0,1464.828647227843,0.21573474896660796,0.035058542931008067,0.00010134140786372723,9.4042662606237211e-06,0.029686687966271233,2.5346956405768737e-05,0.16671211366068564,2.0111035748467938e-05,6.1831513589145678e-07,2.7997462077315973e-11,2.4087307076757179e-09,7.1121038424709639e-07,2.3920097656572209e-08,0.00049348357898107637,0.014686746018396646,0.054245895328567814,0.034917709058457036,9.0636035017263037e-07,0.00028261961718932169,1.1137404297562011e-07,3.0607828143275756e-07,2.9632774504578585e-05,5.6301654323404198e-09,0.00082482167297758652,2.0985285378882436e-06,0.0015655803424888127,7.0579783230163124e-06,0.00054446838574212844,2.4229987135942709e-06,0.0002976699196396153,4.8792135569048282e-07,6.0544543411024661e-11,5.1739380917690082e-10,5.2945423842835884e-09,5.439072147285141e-07,9.8511908898463284e-11,3.5446659089322048e-07,1.608345277347409e-09,1.9061796208079669e-08,4.6122682381865264e-10,7.7639872795191894e-12,8.8545382499478327e-07,3.1502852300756137e-12,2.0678265154108259e-11,1.2665032178498464e-08,2.0210615381091577e-10,1.0468687575700553e-07,3.006764275948238e-10,0.66046964501024197,0.0,1.0435524225506005e-08,5.2298867033814404e-06,2.7375418796160074e-07,5.9844237634943104e-06
0.0021250000000000002,0.1864494507196231,0.0,1472.8259752063591,0.21453535982976552,0.035160170293474249,0.00010902904630712062,9.772026836246264e-06,0.028167525233072949,2.7082005136104594e-05,0.16799860524347354,1.8907578475896437e-05,5.6184665490553858e-07,3.9010277822178879e-11,2.9689431435801909e-09,7.9618129312704552e-07,2.6613846122065071e-08,0.00050266927973973167,0.013872877457263101,0.054706098334203548,0.035485303653300423,9.1061645807924724e-07,0.00026279163406943082,1.1739858288267716e-07,2.8688535334488262e-07,2.7548756499756736e-05,6.4504614632556972e-09,0.00085590745972521356,2.2640429686679171e-06,0.001523995752637855,6.929001619977527e-06,0.00051087327332661222,2.6713728814728974e-06,0.00029100207660097551,5.1319337290659652e-07,7.5615091467575418e-11,5.5917299119199645e-10,5.6363797862136316e-09,5.4996444666430901e-07,1.0708006686982613e-10,3.6100016084306816e-07,1.421838615689884e-09,1.9059007702585171e-08,4.9003289437190406e-10,8.9013929025212182e-12,9.0509454365646179e-07,3.5680848597842043e-12,2.4837725789492057e-11,1.3089831017251511e-08,2.0958673361248316e-10,1.0604463257716972e-07,3.1611023740692867e-10,0.66044209056837377,0.0,1.0029839816381308e-08,4.6672387466207842e-06,2.6834631044634316e-07,5.7549953942584136e-06
0.0021562500000000002,0.18742584973081264,0.0,1480.3634744423737,0.21341773327337946,0.035256668744811773,0.0001167832449011487,1.0096534403314921e-05,0.02670219522142411,2.8804796445896725e-05,0.16923154291057763,1.7751890083735151e-05,5.1257073195516136e-07,5.3445013701684315e-11,3.6108946552178673e-09,8.8370635174360225e-07,2.9354891723510151e-08,0.00050979703232864235,0.013099780904942264,0.055136766600791677,0.03604634598446748,9.0954241967469982e-07,0.00024422208003789135,1.2320934929801155e-07,2.6793262346219372e-07,2.5650263605486394e-05,7.3318296442698877e-09,0.00088709274012649115,2.4193745552828338e-06,0.0014789379120523588,6.7631458468441812e-06,0.00047789339952110182,2.9200383349307502e-06,0.00028344036941999745,5.3840822502158513e-07,9.3540104519608756e-11,6.0137549148849261e-10,5.9781783810803913e-09,5.5595975442528335e-07,1.1579994697317663e-10,3.6759180095533589e-07,1.2613998382763991e-09,1.9023017467897347e-08,5.1832980042925199e-10,1.0132421472642349e-11,9.2516592810777628e-07,4.0393200467397175e-12,2.9478350786598901e-11,1.3500551779099425e-08,2.1700782154035712e-10,1.0732134707705747e-07,3.3071208478532442e-10,0.66041893426152953,0.0,9.557411080367086e-09,4.1456164273148677e-06,2.6127925767536682e-07,5.5026535405829343e-06
0.0021875000000000002,0.18834360510842527,0.0,1487.4539139999999,0.21237779736130852,0.035348165900936569,0.00012453997740711586,1.0373645616380959e-05,0.025292113089973846,3.0498291038576636e-05,0.17041013830680504,1.664739757161408e-05,4.6919654411319389e-07,7.2003265194744529e-11,4.3333011310042264e-09,9.7251428290941453e-07,3.210033046827592e-08,0.0005148620044808824,0.012367376626914386,0.055537501061376997,0.036600085242730646,9.0336433667730111e-07,0.00022687776739531518,1.2874859664648509e-07,2.4940256224362465e-07,2.3923788526460277e-05,8.2672449690400963e-09,0.00091814138863660492,2.5613130214722764e-06,0.0014309080955229334,6.5651524504992187e-06,0.00044581366683488791,3.1646354175726233e-06,0.000275094727906255,5.6335069002838517e-07,1.1458249138623789e-10,6.4363169302441847e-10,6.317344607760196e-09,5.6189145312598619e-07,1.2459801472010259e-10,3.7423862949028337e-07,1.1230094276142907e-09,1.895404469831834e-08,5.458918650545081e-10,1.1452789294178268e-11,9.4565087275659364e-07,4.5644685919088531e-12,3.4569976226929953e-11,1.3893031464206375e-08,2.2434529899895185e-10,1.0851003403315998e-07,3.4432583650070156e-10,0.66040012357231126,0.0,9.0332906261887025e-09,3.6669722414617462e-06,2.5271116090574553e-07,5.2316541571827176e-06
0.0022500000000000003,0.18997828989437757,0.0,1500.0987386771799,0.21055037405670407,0.035516730655216912,0.00013986842938282641,1.0776599762283001e-05,0.022640004047801206,3.373549408134199e-05,0.17260368657651162,1.4601038583997587e-05,3.9690550934367355e-07,1.2438342096271079e-10,6.0036091972764233e-09,1.1490359827872515e-06,3.7426588856718745e-08,0.00051890641799218196,0.011023087299953136,0.056248968680587395,0.037683791958327162,8.7759232202493651e-07,0.00019571559692040729,1.3887802235348033e-07,2.143102984014012e-07,2.0942518743104729e-05,1.0258255806883377e-08,0.00097913951050243846,2.7949759581501283e-06,0.0013275213552040278,6.092102372371641e-06,0.00038506628649596198,3.627038816015623e-06,0.00025641701550102055,6.1175228465758136e-07,1.6668532121144577e-10,7.2717880395877195e-10,6.9802461530396069e-09,5.7356284505231647e-07,1.4214791381527764e-10,3.8768430941033971e-07,9.0165156997663385e-10,1.8718967856301741e-08,5.9818416428987231e-10,1.4325139905719703e-11,9.8779302888305621e-07,5.7702444273204924e-12,4.59901858691267e-11,1.4611621939749813e-08,2.3867425234604864e-10,1.1060460822754342e-07,3.681374922916095e-10,0.6603752534544145,0.0,7.8919857411251313e-09,2.8401470935813003e-06,2.3213067233184353e-07,4.6473254906313821e-06
0.0023125000000000003,0.19140959746969533,0.0,1511.2051243565102,0.20897593709376172,0.035667851121696299,0.00015446866603392151,1.0967249244533216e-05,0.020214912712884878,3.6684532360113135e-05,0.17457978247980743,1.2766039696893726e-05,3.3864309955183221e-07,2.0133784890254966e-10,7.9046272854147534e-09,1.3150234508896644e-06,4.2267827517595814e-08,0.0005155690342499938,0.009833013112273678,0.056842514345659824,0.038730832457495798,8.359380538739438e-07,0.00016879259251941485,1.4724556718945309e-07,1.8220946176323851e-07,1.8472471851625537e-05,1.2345377030807222e-08,0.0010369921752794702,2.9507644358750994e-06,0.0012188461161834468,5.5504383874358483e-06,0.00033010190018110117,4.0276859670596777e-06,0.00023614821035957594,6.5685408766972546e-07,2.3267330901086727e-10,8.0631855271034983e-10,7.6033649695204219e-09,5.8497056774891029e-07,1.5913196185002562e-10,4.0125508178718624e-07,7.3437066068083888e-10,1.8364211039337612e-08,6.4516723238020241e-10,1.7455186187265177e-11,1.0311769271446514e-06,7.137517216875901e-12,5.8432819008174746e-11,1.5215171220351154e-08,2.5243635763595821e-10,1.1228051274520299e-07,3.8661870540253108e-10,0.66036660891024546,0.0,6.7131752590874384e-09,2.1763579593466382e-06,2.0807364903024989e-07,4.0430399330327751e-06
0.0023750000000000004,0.19264236651555242,0.0,1520.810253097842,0.20763864524424347,0.035803783730403715,0.00016789468797932634,1.0949182557457784e-05,0.018015194160207974,3.9246530558415259e-05,0.17634325005502563,1.1138476008828473e-05,2.908592383504686e-07,3.0615182761949849e-10,9.9146066864761596e-09,1.4604545354187953e-06,4.6323193422178594e-08,0.00050586342783244249,0.008788165773080411,0.05732284662795873,0.039737053035152264,7.8240229230958691e-07,0.0001456365118552808,1.5344858734373936e-07,1.5363096497933757e-07,1.6411652755910762e-05,1.4423636995740383e-08,0.0010903290924160086,3.0234801921227144e-06,0.0011090158540125318,4.9796144339377297e-06,0.00028155412619968796,4.3435731001837583e-06,0.00021529455185984717,6.97442559421698e-07,3.1163358000834342e-10,8.7819958461894006e-10,8.1698383361778999e-09,5.9611174349322975e-07,1.7498024505516737e-10,4.1484314390865623e-07,6.0672799572114588e-10,1.7902707478604417e-08,6.857102204693993e-10,2.0739917891816232e-11,1.0753732771101605e-06,8.591227227587532e-12,7.1092505383428977e-11,1.5684044859021879e-08,2.6549003929464722e-10,1.1350552273404346e-07,3.9922956260959206e-10,0.66037287546529566,0.0,5.5846122825708848e-09,1.6567583246204052e-06,1.8251301671599925e-07,3.4513167201639483e-06
0.0024375000000000004,0.19370072384649523,0.0,1529.1011383475413,0.20650413279644125,0.035927013758510963,0.00017977799442277454,1.0740478502209614e-05,0.016034209718620716,4.1358741079074957e-05,0.17790300802776202,9.706636762338978e-06,2.5111907441919435e-07,4.3883974448168791e-10,1.1883625514529272e-08,1.5776297297176039e-06,4.9389931933339128e-08,0.00049105146928604985,0.0078772136551477478,0.057697442991791414,0.040699326706269516,7.2104028808091112e-07,0.00012578043389770922,1.5722141169470795e-07,1.2870478585708863e-07,1.4673879650679378e-05,1.6396028907002436e-08,0.0011382164798917223,3.0170465700059642e-06,0.0010015657143049397,4.4117514208784259e-06,0.00023948820043412012,4.5617428781337852e-06,0.00019473052957023787,7.3275718228172655e-07,4.0101671886632637e-10,9.4038746051367911e-10,8.6663043961371963e-09,6.0698614657953222e-07,1.8923049258574722e-10,4.2831545428961649e-07,5.081861968882822e-10,1.7350498579985389e-08,7.1907852983986789e-10,2.4069671375418042e-11,1.1198496284846999e-06,1.0031741302748191e-11,8.3030908633733651e-11,1.6007775404567663e-08,2.7773427287534782e-10,1.1426231776877328e-07,4.0581269721046289e-10,0.66039242576323209,0.0,4.5638457231004347e-09,1.2575649853179562e-06,1.5706412624198481e-07,2.8975094348831821e-06
0.0025000000000000001,0.19461647294320966,0.0,1536.32348,0.20553244745973587,0.036040030824270146,0.00018984846588865424,1.0369298045629247e-05,0.014261388900847043,4.299326750012085e-05,0.17927109865425581,8.4545566022918607e-06,2.1773333555288496e-07,5.9533145985771495e-10,1.3659611853365221e-08,1.6618864747864766e-06,5.1375811717252596e-08,0.00047244731270019335,0.0070875084525751503,0.057975783863854477,0.041615526089926545,6.555986064013503e-07,0.00010879119538345438,1.5846696313401844e-07,1.0730873250061601e-07,1.3190869628600324e-05,1.8185133153259153e-08,0.0011801766781982248,2.9420983206315274e-06,0.00089923306857678925,3.8702339779047749e-06,0.00020357451608910376,4.6796352408767435e-06,0.00017513469952763942,7.6249429929945947e-07,4.9681473394722879e-10,9.9104484477296404e-10,9.0834316668713086e-09,6.1759428449926964e-07,2.0154848335831027e-10,4.4152444889803432e-07,4.3115406527131681e-10,1.6725347166342852e-08,7.4491768427420761e-10,2.7336928446276801e-11,1.1640091258938668e-06,1.1351060810907271e-11,9.3325007522791287e-11,1.618514858153227e-08,2.890937121087042e-10,1.1454950268980534e-07,4.0654997451050801e-10,0.66042343686883676,0.0,3.6795463322172433e-09,9.5481936013932557e-07,1.3293934429993241e-07,2.3983427773888386e-06
0.0025624999999999997,0.19537788126123273,0.0,1542.3780872,0.20473146577368445,0.03614514903027656,0.00019794236475092491,9.8676203608657053e-06,0.012683219555178061,4.4120454089261572e-05,0.18046183604752611,7.3675257834411731e-06,1.8946712722046748e-07,7.6741638259897535e-10,1.5108142012515369e-08,1.710932296636796e-06,5.2240771265398088e-08,0.0004512157107754077,0.0064059277594205903,0.058168583001935538,0.042484528727250552,5.8945037048263714e-07,9.428161731348142e-05,1.5726537193618591e-07,8.9251611462048587e-08,1.1911978664301413e-05,1.9704243935714921e-08,0.0012161341912959309,2.8130442476213945e-06,0.00080390173444839,3.3712484872205846e-06,0.00017327486392809872,4.7021032735213545e-06,0.00015696884993275095,7.8651338886031493e-07,5.9373708184845097e-10,1.0291484859082434e-09,9.4157962289565982e-09,6.2793720958099762e-07,2.1164692334618196e-10,4.5432105804181752e-07,3.7023045155583074e-10,1.604538901745778e-08,7.6323498370462775e-10,3.0403575800509972e-11,1.2072423953467967e-06,1.2461283455454732e-11,1.0138018996745142e-10,1.6223049269583348e-08,2.9944777029783127e-10,1.1438131845946295e-07,4.0182289678138937e-10,0.66046401872773064,0.0,2.9378724131660748e-09,7.274071760194051e-07,1.111107210300043e-07,1.9623070915037206e-06
0.0026249999999999997,0.19603830950248394,0.0,1547.6788429999999,0.20404175133637606,0.03624439236497666,0.00020401010439136035,9.2724539944047618e-06,0.011284328541589011,4.4784737530321792e-05,0.18149082169711042,6.424780590283424e-06,1.6541038189874561e-07,9.4450710993109774e-10,1.6147126184865903e-08,1.7266578967988508e-06,5.210813091537101e-08,0.00042849687710629336,0.0058194626733522126,0.058287033285043796,0.043306088551209244,5.24999212303291e-07,8.1899278224194466e-05,1.5386180172269674e-07,7.4110474998307161e-08,1.0796992197264741e-05,2.0942394842472938e-08,0.001246367893715314,2.6457818608295836e-06,0.00071666543574182837,2.9215770521780377e-06,0.00014787712031839753,4.642526952273653e-06,0.00014049287587284892,8.0546765787857862e-07,6.8677892401040956e-10,1.054259619421419e-09,9.6627577168895102e-09,6.3801431441298024e-07,2.1949654183189397e-10,4.6656761335333053e-07,3.2138790464167176e-10,1.5328119522494465e-08,7.7429422074822943e-10,3.3205373794778738e-11,1.2489771456564213e-06,1.3289995043049615e-11,1.0666723550378464e-10,1.6134825166943655e-08,3.0885065677202379e-10,1.1378586284512372e-07,3.9237942240970275e-10,0.66051227932521783,0.0,2.330722909831868e-09,5.5696789465627311e-07,9.1862032302078329e-08,1.5909344696916925e-06
0.0026874999999999998,0.19660993336778487,0.0,1552.3144557999999,0.20344852023861937,0.036339411600218779,0.00020808919660756183,8.6174451637426119e-06,0.010048560021425035,4.5020793247148407e-05,0.18237409200120827,5.6092210844012076e-06,1.4484627363132969e-07,1.1148104139655241e-09,1.6738645804693692e-08,1.7123593446458516e-06,5.1112439569502078e-08,0.00040516494762345314,0.0053158604926743704,0.058342195541111454,0.044080655973877225,4.6408170377338454e-07,7.1337782768587373e-05,1.4860234616248835e-07,6.1519355999650312e-08,9.8170793199631489e-06,2.1884771241266076e-08,0.0012713643762928503,2.4550939716609587e-06,0.00063797202589025359,2.5237653480299735e-06,0.00012668228615445251,4.5162759361488976e-06,0.00012580237067616909,8.1997760658840961e-07,7.7107677939386047e-10,1.0666790712279491e-09,9.8266846408045463e-09,6.4782379712199995e-07,2.2510332854056153e-10,4.7814499773451784e-07,2.8174697491043635e-10,1.4589582483898866e-08,7.7858814717688523e-10,3.5666721125426397e-11,1.2887140991391856e-06,1.3804257728670661e-11,1.0907975802069859e-10,1.593773170950893e-08,3.1730907459027891e-10,1.1280238869289721e-07,3.7901962979402402e-10,0.66056645013802295,0.0,1.8420826960807069e-09,4.2925009679671484e-07,7.5343519625885779e-08,1.2810810253458105e-06
0.0027499999999999998,0.19710395439822678,0.0,1556.3662437999999,0.20293859715847395,0.03643148310976585,0.00021028553236102982,7.9324300196079259e-06,0.0089596406472114871,4.4872678272789429e-05,0.18312753542664248,4.9050676068428472e-06,1.2720872840159834e-07,1.2671836303977359e-09,1.6889339688027077e-08,1.6725414500897002e-06,4.9413861768104631e-08,0.00038187523407786072,0.0048838604009319216,0.058344552356525664,0.044809290175435917,4.0784927465445853e-07,6.2329078328358128e-05,1.4188540317391186e-07,5.110878482735505e-08,8.9508161248687851e-06,2.2534938220071852e-08,0.0012917298122351937,2.253570796775046e-06,0.00056777721394611126,2.1766162567086813e-06,0.00010903574624309443,4.3393682814380828e-06,0.00011287053675509074,8.3065549747091154e-07,8.4261386200508072e-10,1.0672494368651588e-09,9.9123223490410883e-09,6.5736350708084942e-07,2.28558535698083e-10,4.8895974512428894e-07,2.49217603524772e-10,1.3843844734201235e-08,7.7676357248123236e-10,3.7733945037416899e-11,1.3260569274375406e-06,1.4001661689017823e-11,1.0877161139412241e-10,1.5650799002367954e-08,3.2482049976423039e-10,1.1147794159771027e-07,3.6258784920459773e-10,0.66062493251754428,0.0,1.4536778334685595e-09,3.3336188576557339e-07,6.1465054110005954e-08,1.0267521510743128e-06
0.0028124999999999999,0.19753056762605986,0.0,1559.9081349999999,0.20250030407057298,0.036521529381554382,0.0002107566905687434,7.2423543500019737e-06,0.0080017651244901865,4.439031580466758e-05,0.18376640397014762,4.2978446324050951e-06,1.120389543929813e-07,1.3926225562424877e-09,1.6641579735573711e-08,1.6122942557993611e-06,4.7179728674069536e-08,0.00035909883033174555,0.0045133442255473454,0.05830370332994577,0.045493518021026816,3.5689285407215613e-07,5.4639930495188059e-05,1.3411820020894447e-07,4.2532036251279985e-08,8.1817855273803981e-06,2.2910717550875029e-08,0.0013081141319921015,2.0511089704900563e-06,0.00050569636885900782,1.8766488040703009e-06,9.4350553865604181e-05,4.1269129967795138e-06,0.00010159000209899979,8.3807681686876976e-07,8.9858139997860957e-10,1.0572042889518279e-09,9.9261896184826625e-09,6.6663102797746088e-07,2.300195474919172e-10,4.9894685146078403e-07,2.2225620170273565e-10,1.3102751422207189e-08,7.6955622719503916e-10,3.9377017424728301e-11,1.3607252011683904e-06,1.3905368359337415e-11,1.0608991819236797e-10,1.5293110689381877e-08,3.3138234736139039e-10,1.0986397254423238e-07,3.4391750615460262e-10,0.66068632701725882,0.0,1.1476075730987146e-09,2.611069577383986e-07,4.9992424980637173e-08,8.2062458082310442e-07
0.002875,0.19788441222478617,0.0,1562.8919302000002,0.20213820558227302,0.03661016163676177,0.00020969712066047942,6.5666431737080193e-06,0.0071599794943216621,4.3616417243832127e-05,0.18430500255599341,3.7749168991663954e-06,9.8950467644241609e-08,1.4852382585083107e-09,1.6060611985719993e-08,1.5366196311515397e-06,4.4558281030641398e-08,0.00033715067009860777,0.004195374483232389,0.058228196156896297,0.046135222872247063,3.1141886952494808e-07,4.806922188000292e-05,1.2569135781104218e-07,3.5488026806533147e-08,7.4971509771381768e-06,2.3027019365395539e-08,0.0013211551152574805,1.8550255833668394e-06,0.00045113209736961208,1.6193844003354435e-06,8.2119069667492591e-05,3.8919251070831156e-06,9.1807631830088083e-05,8.4271600624930777e-07,9.3743172271370367e-10,1.0380632639010897e-09,9.8760036715117026e-09,6.7562407641233069e-07,2.296630093450484e-10,5.0806986215765941e-07,1.9970909341134907e-10,1.2375870953733154e-08,7.577478296572317e-10,4.0572614672238128e-11,1.3925554570339068e-06,1.3561340319163139e-11,1.0155816465539792e-10,1.4882581853484457e-08,3.369906454375933e-10,1.080132404357187e-07,3.2377296030136409e-10,0.66074944593524121,0.0,9.0768739816524681e-10,2.0640346523881159e-07,4.0644483806550147e-08,6.551278484315186e-07
0.0029375,0.19819323581596746,0.0,1565.5316379999999,0.20182323498267296,0.036697741792561904,0.00020732215499206098,5.9203818139403447e-06,0.0064204497517508837,4.262086440170887e-05,0.18475644283208661,3.3235063051533243e-06,8.7632648824575214e-08,1.5428400264382909e-09,1.5227782041974472e-08,1.4507470411190975e-06,4.1716217929119685e-08,0.00031627160984111995,0.003922145619866103,0.058125468086293847,0.046736509760584133,2.7124847135264868e-07,4.2443098092490212e-05,1.1693515330988874e-07,2.9692636212890657e-08,6.8854765224021303e-06,2.2936142149677548e-08,0.0013314517767455526,1.6699596316766829e-06,0.00040337370001354122,1.3993660481981254e-06,7.1893397937731497e-05,3.6459376553145406e-06,8.3351160769739869e-05,8.4531172828454607e-07,9.5934675970905932e-10,1.0113802270242222e-09,9.7707008109677788e-09,6.8433988429853338e-07,2.2776418380196741e-10,5.163188217761758e-07,1.8065861825978723e-10,1.1670608442820737e-08,7.421015275430995e-10,4.1358502812355624e-11,1.4214910389584016e-06,1.3018195602040441e-11,9.560621282833443e-11,1.4435308512480475e-08,3.4176406227855431e-10,1.0597720636668687e-07,3.0289449611011603e-10,0.66081329733784888,0.0,7.2002692949559211e-10,1.6463746009791864e-07,3.3065639222533463e-08,5.2309498735946008e-07
0.0030000000000000001,0.19846269436565131,0.0,1567.8676332,0.2015492137086815,0.036784430402305134,0.00020385134214174843,5.3134554574995213e-06,0.0057706269066017833,4.1454332852134696e-05,0.18513255835925435,2.9333290686756476e-06,7.7817463633540119e-08,1.5661927275482754e-09,1.4222128754887275e-08,1.3589626037159474e-06,3.8774927257266764e-08,0.00029658800165528688,0.0036869560618719003,0.058001872283497985,0.047299594614351431,2.3607427645339879e-07,3.7614766633353008e-05,1.081289709216456e-07,2.4921914969242188e-08,6.3376428733023748e-06,2.2672972519888072e-08,0.0013395286339177269,1.4987141800601763e-06,0.00036167839944964777,1.2115966025723295e-06,6.3308283022881184e-05,3.3975874993347571e-06,7.6047474668557022e-05,8.4638375876875579e-07,9.65348310494657e-10,9.7875770348394715e-10,9.619152874489701e-09,6.9277611861000236e-07,2.245646562103124e-10,5.2370516376952737e-07,1.644112355545835e-10,1.0992442720834396e-08,7.2335437752536766e-10,4.1763366379354384e-11,1.4475629897846452e-06,1.2331501751160246e-11,8.8732725931528118e-11,1.3965061340517281e-08,3.4578137385426013e-10,1.0380416922733579e-07,2.8187225603290234e-10,0.66087708385231847,0.0,5.7320129804771297e-10,1.324759100624935e-07,2.6958120719408006e-08,4.1817531882746968e-07
0.0030625000000000001,0.1986978680670197,0.0,1569.9364916,0.20131066524356112,0.036870249324140583,0.00019949552387436777,4.7517533455740889e-06,0.0051992523939058087,4.0161568924297102e-05,0.1854438963998789,2.595597578590933e-06,6.9282079078264461e-08,1.5583106579224735e-09,1.3114733345111636e-08,1.2647620627747596e-06,3.5829450259876406e-08,0.00027815101493505067,0.003484084988269515,0.05786274656034987,0.047826748152756407,2.0547414694573482e-07,3.3459877684684051e-05,9.9489277308423434e-08,2.0989381775657024e-08,5.8459969137699061e-06,2.2270863837584372e-08,0.0013458311031832701,1.3425818369644936e-06,0.0003253194393580176,1.0514578304340728e-06,5.6065361131025447e-05,3.1532435485169638e-06,6.9733162566716725e-05,8.463132372166254e-07,9.5714940351171874e-10,9.4172310026347138e-10,9.4298288509803165e-09,7.0093151707591693e-07,2.2030019897617151e-10,5.3025761315875812e-07,1.5044369317934783e-10,1.0345181927464627e-08,7.022018055952648e-10,4.1825488835909273e-11,1.4708717213869651e-06,1.1552727926259842e-11,8.1373038463413781e-11,1.3483235058285428e-08,3.4911577084961314e-10,1.0153787038426197e-07,2.6117838219223934e-10,0.66094017989997866,0.0,4.5811876748894262e-10,1.0748465971279107e-07,2.2053401509968188e-08,3.3494445431322433e-07
0.0031250000000000002,0.19890327044400571,0.0,1571.77099,0.20110277679517508,0.036955128114385748,0.00019445024285744898,4.2380482641280109e-06,0.0046963307980456021,3.8781557087968374e-05,0.18569975713482179,2.3027148190798033e-06,6.1838603075119386e-08,1.523744077935395e-09,1.1965445421263099e-08,1.1709059126143798e-06,3.2951554156292885e-08,0.00026096215060154615,0.0033086761096049627,0.057712512196121758,0.048320236062912622,1.7897172599565166e-07,2.9872831543270308e-05,9.1175179653128784e-08,1.7740775158298981e-08,5.403961200480638e-06,2.1760466478314176e-08,0.0013507279706495012,1.2017886040995766e-06,0.00029361652802323436,9.147977625605565e-07,4.9921029686820817e-05,2.9175056046197689e-06,6.4260377867943015e-05,8.4537548599078703e-07,9.3689832988578388e-10,9.0165898660268942e-10,9.2105666779102242e-09,7.0880597150082957e-07,2.1519225008083349e-10,5.3601762568778505e-07,1.383484700106377e-10,9.7312232904176334e-09,6.7927180900860415e-10,4.1588412817623338e-11,1.4915676032397653e-06,1.072599720380705e-11,7.3883504828517764e-11,1.2998999945385676e-08,3.5182556898192883e-10,9.9216723516635645e-08,2.4117281267665871e-10,0.66100210749900989,0.0,3.6757726783676608e-10,8.7862183429083252e-08,1.811966003285308e-08,2.6888293155767755e-07
0.0032500000000000003,0.19921627388489965,0.0,1574.6628612,0.20078680932983692,0.037121704482213087,0.00018282131585777985,3.3570200033900257e-06,0.0038692970711713248,3.5848322417212191e-05,0.18606953643276533,1.8312954239805217e-06,4.9737897093346593e-08,1.3899453135940186e-09,9.6991632579668143e-09,9.9110393345964169e-07,2.7556727584799841e-08,0.00023023260997163234,0.0030278729486281097,0.057389539399986339,0.049212989120921737,1.3662314316687323e-07,2.4129152730884806e-05,7.59015297745672e-08,1.284663529205325e-08,4.6514325664616141e-06,2.0482818750007616e-08,0.0013572044750830015,9.6501516998016254e-07,0.00024231767236616752,7.0008853852717764e-07,4.0328012968471644e-05,2.4827758866313362e-06,5.5446836244967523e-05,8.414056199593734e-07,8.671852855893158e-10,8.161674143745601e-10,8.7032643964762918e-09,7.2371744139508201e-07,2.0301755545404655e-10,5.4531227197964997e-07,1.1887201118402685e-10,8.6068543416768339e-09,6.2973680117082882e-10,4.0332343831802452e-11,1.5256755051455214e-06,9.0509858764961872e-12,5.9474760349403557e-11,1.2044754544969663e-08,3.5551155925150501e-10,9.4507887634671453e-08,2.0411117114614673e-10,0.66112140546761522,0.0,2.4181640734069749e-10,6.0608854539193669e-08,1.2471712363847732e-08,1.7711023365908941e-07
0.0033750000000000004,0.19946363402602635,0.0,1577.019233,0.2005378082838168,0.037282871633104432,0.00017026945529309377,2.6513409529186744e-06,0.0032204527723204797,3.2909039317925407e-05,0.18630391495299944,1.4707816660552898e-06,4.0370414778423857e-08,1.2133402462570914e-09,7.6796497983777838e-09,8.3028650908085871e-07,2.2848081842190605e-08,0.00020384671635595604,0.0028140144131138006,0.057057487879383424,0.049999059787928422,1.0515104244194624e-07,1.9755366906799474e-05,6.2725735539778568e-08,9.4350185849301878e-09,4.0341879564722677e-06,1.9064941127751905e-08,0.0013610019708395816,7.7831600852814142e-07,0.00020279428071501724,5.4144157162251579e-07,3.3158482969685712e-05,2.1031015869251475e-06,4.8622273219039904e-05,8.3655338994750098e-07,7.7687946316468744e-10,7.3040548062679124e-10,8.1518230205640697e-09,7.3754929964720743e-07,1.8961044818657253e-10,5.5214830370636784e-07,1.0362565101875481e-10,7.6167266992175552e-09,5.7865336936444155e-10,3.843588105758052e-11,1.5518843545131547e-06,7.5093600547193617e-12,4.6824102958036613e-11,1.1139909065202657e-08,3.5766099362666374e-10,8.9899784154130603e-08,1.7175399941567696e-10,0.66123319479122089,0.0,1.6183064895377263e-10,4.2840894437917952e-08,8.7779152369201978e-09,1.1851424615065768e-07
0.0035000000000000001,0.1996591834261105,0.0,1578.9428438,0.2003413983444804,0.037437539543726778,0.00015758183664914046,2.0951528144574982e-06,0.0027070542087250637,3.0084164417541362e-05,0.18644110590154736,1.1925530998922487e-06,3.3049431614117034e-08,1.0259315560704555e-09,5.9914878070711018e-09,6.9165770347764343e-07,1.8864097380282784e-08,0.00018123474115628064,0.0026492689557115643,0.05672915021436499,0.05069324278895946,8.1774481694904572e-08,1.6384168420464686e-05,5.1665635954051213e-08,7.0266391445298321e-09,3.5241356912898642e-06,1.7615726332006501e-08,0.0013631301263785662,6.3220736142626486e-07,0.00017199167372164409,4.2314182462064387e-07,2.7685395556900236e-05,1.7784669633082939e-06,4.3219040235899974e-05,8.3148973595432315e-07,6.7960508549180335e-10,6.4883013645368018e-10,7.5894134952544289e-09,7.503417489514922e-07,1.7588644536599432e-10,5.569840063948329e-07,9.1423357589494476e-11,6.7520548210886471e-09,5.2836188098633949e-10,3.617607498112739e-11,1.5717885053503856e-06,6.1820051468907313e-12,3.636263002091102e-11,1.0298947985201767e-08,3.5870340817989949e-10,8.5509988587069297e-08,1.4423402744503944e-10,0.66133683137469135,0.0,1.1023626583905802e-10,3.0947713498956462e-08,6.3246541130965671e-09,8.0694076171738437e-08
0.0036249999999999998,0.19981422175729091,0.0,1580.5200180000002,0.200185950989033,0.037584920768051609,0.00014527078582329418,1.6606598415230959e-06,0.0022970353141726261,2.7442094926109449e-05,0.1865090732260444,9.7573587279435378e-07,2.7273993072935e-08,8.4814004859717814e-10,4.6360503523355333e-09,5.7492162967713793e-07,1.5558425789709486e-08,0.0001618389793234496,0.0025209131414889807,0.056412125402943866,0.051308428442615947,6.4333850486892032e-08,1.3752000082487973e-05,4.2538465504772172e-08,5.3036615633880261e-09,3.0995023763805832e-06,1.62038847559539e-08,0.0013641893653388649,5.1793170747004344e-07,0.00014766851618967341,3.3400763509392077e-07,2.3421716210367067e-05,1.5043449279214333e-06,3.8842713928011563e-05,8.2648184976006369e-07,5.8453351054312469e-10,5.7387699035884462e-10,7.0383854655321428e-09,7.6214753762776973e-07,1.6245399541109776e-10,5.6023255828982682e-07,8.146827608991031e-11,6.000535827988108e-09,4.8038332258277133e-10,3.3760533968033818e-11,1.5867846983337034e-06,5.0843149315457522e-12,2.8031140861805787e-11,9.526819965184966e-09,3.5894415127260846e-10,8.1403874776173147e-08,1.2121439019506643e-10,0.66143230826407362,0.0,7.6396744231172783e-11,2.2779013686994876e-08,4.6630658184205732e-09,5.5903837104849616e-08
0.0037499999999999999,0.19993768682308927,0.0,1581.8206660000001,0.20006233259709572,0.037724561612358119,0.00013364427227537429,1.3224233998627201e-06,0.0019663893619553943,2.5015614445135546e-05,0.18652814088828079,8.0507294946715947e-07,2.2675048377522527e-08,6.9046268166172598e-10,3.5749516088473047e-09,4.7802626268656657e-07,1.2847487089151449e-08,0.00014515550458087611,0.0024198089472279131,0.056110597754693424,0.051855671844248996,5.1218907461561293e-08,1.1668272339609239e-05,3.5081827604956553e-08,4.0542859583811772e-09,2.7433395752469302e-06,1.4869423240570605e-08,0.0013645348986414891,4.2822591106320296e-07,0.00012819712244639187,2.6611861466467571e-07,2.0036439845770018e-05,1.274423871156935e-06,3.5222016252970225e-05,8.2154394688096271e-07,4.9697967843897432e-10,5.0658364234634145e-10,6.5128636819863171e-09,7.7302730743838318e-07,1.4968851728665982e-10,5.6224527447164817e-07,7.3214754666125913e-11,5.3488940905919089e-09,4.3562055417856331e-10,3.1333131974377992e-11,1.5980225834228827e-06,4.1980811371827278e-12,2.1549370246151632e-11,8.823458782542692e-09,3.5857677185049795e-10,7.7610841235482066e-08,1.0214279678687798e-10,0.6615199776033891,0.0,5.3782769766583832e-11,1.7019923520568455e-08,3.5132278574924457e-09,3.9302049422907188e-08
0.0040000000000000001,0.20004414707464119,0.0,1583.231869499348,0.19995586266760804,0.037980144301950396,0.00011295982587125582,8.6092788222514137e-07,0.0014890818854553926,2.0803930957968433e-05,0.18646380128024123,5.6722447825448862e-07,1.6154829332354708e-08,4.4411253768729661e-10,2.1364561148124811e-09,3.3378086636703677e-07,8.8568739524124953e-09,0.00011853059469676219,0.0022795215887353886,0.055559938852055693,0.052774704082492824,3.3895713097607239e-08,8.7175341315937889e-06,2.4200823313014308e-08,2.4803894561657867e-09,2.196984302633326e-06,1.2463277547393836e-08,0.0013637211847624983,3.0319156563250265e-07,0.00010026832055328999,1.7501371329114007e-07,1.5214056024360861e-05,9.2697642318750768e-07,2.9691211418309814e-05,8.1060500055576664e-07,3.518697041472404e-10,3.9533508267922633e-10,5.5633067671339893e-09,7.9220558401157285e-07,1.267509912495215e-10,5.634252661754446e-07,6.0932406770184788e-11,4.3066024819468154e-09,3.5750645491833227e-10,2.6695371587342113e-11,1.6119575470152117e-06,2.9391899395806598e-12,1.2863664964983122e-11,7.6170334444138222e-09,3.5601238500260998e-10,7.0981925671982471e-08,7.3750948263826525e-11,0.66167353453426747,0.0,2.8515903083114118e-11,1.0131277590102591e-08,2.1414678446952918e-09,2.1356494774937597e-08
0.0042500000000000003,0.20002550003109199,0.0,1583.5659801642762,0.1999745032194677,0.038206046564309863,9.5777642807890888e-05,5.7521212066091761e-07,0.0011589181597822253,1.7383155702544976e-05,0.18633555060080112,4.1123134205900623e-07,1.1794650330752779e-08,2.8215178390278942e-10,1.2958547461579666e-09,2.3644882283717175e-07,6.2008208408201749e-09,9.8251617314855854e-05,0.0021868736449991112,0.055077785370100385,0.053525102234344688,2.3448280277480161e-08,6.7263209520885828e-06,1.7001811251276091e-08,1.5828456786447894e-09,1.7954997623381408e-06,1.0447416128053218e-08,0.0013618123425901095,2.2238548405218744e-07,8.0851542383485458e-05,1.1878437510252792e-07,1.1896069449140716e-05,6.8231901130852428e-07,2.548192744240695e-05,7.9870717732927692e-07,2.46735317776118e-10,3.1083765366432239e-10,4.7591148298110731e-09,8.0854502049500321e-07,1.0753574107064316e-10,5.6255261200042263e-07,5.1848288869070727e-11,3.5112045437784092e-09,2.9400583172629821e-10,2.2646245193981073e-11,1.619679754554919e-06,2.1478233068479572e-12,7.8292942951001392e-12,6.6169759004074844e-09,3.5212131312434163e-10,6.5457399412885846e-08,5.4324072457328461e-11,0.66180353751188592,0.0,1.6018152223050402e-11,6.3080613169402774e-09,1.3928344480432968e-09,1.2364180288401007e-08
0.0045000000000000005,0.20001603516135655,0.0,1583.9000908292046,0.1999839661232079,0.038405158750387726,8.1782801857323688e-05,3.9467269631441472e-07,0.00092241627580797369,1.4676573796935437e-05,0.18618018554411422,3.0449770288739744e-07,8.7838228912295935e-09,1.8036258670869804e-10,8.065834475266766e-10,1.7098830791074584e-07,4.4401434772234493e-09,8.2651451081942366e-05,0.0021234934601774202,0.054657554915583023,0.054147708380189612,1.6880386677262107e-08,5.3333105817182767e-06,1.2193931666793105e-08,1.0465111633454966e-09,1.4922701438741154e-06,8.8380339208592554e-09,0.0013592664300719544,1.6807068802105896e-07,6.6728795888200778e-05,8.2692894872949929e-08,9.4863154727984653e-06,5.0918178515909103e-07,2.2141823720933992e-05,7.888637130050992e-07,1.7393551496759499e-10,2.4722236011514061e-10,4.095325471608167e-09,8.2250503120963345e-07,9.1874392365966679e-11,5.6061714972069558e-07,4.469200763175722e-11,2.8957565224704983e-09,2.4312509189690574e-10,1.9318387731529783e-11,1.6239265462827336e-06,1.6370448206581009e-12,4.8832028235018096e-12,5.7844270149257052e-09,3.4861104496098246e-10,6.0868868024751161e-08,4.0939284738995091e-11,0.66191435631027662,0.0,9.4424095218064375e-12,4.0401717248623752e-09,9.4898065195259351e-10,7.5453464402511284e-09
0.0050000000000000001,0.20001965233762739,0.0,1584.5683121590612,0.19998034959317898,0.038732544985505234,6.1888175770714282e-05,2.0776910276559723e-07,0.00063346210099779552,1.0938838240936774e-05,0.18584691274739856,1.8199290801886074e-07,5.2946831116803076e-09,7.9766953736816732e-11,3.5369217507928936e-10,9.7857731125527496e-08,2.5008777538975818e-09,6.162540116017781e-05,0.0020524755646763402,0.053978185125440913,0.055097300521176257,9.9394128319669322e-09,3.6666133729211614e-06,6.8552958559549353e-09,5.2054572027139557e-10,1.0927494767316178e-06,6.5957805780049552e-09,0.0013530060838202675,1.0588718951820369e-07,4.8830576963402576e-05,4.4154646754066072e-08,6.4332978260753354e-06,3.0387799301309001e-07,1.7353847934790661e-05,7.7451229737326337e-07,9.2736160623317583e-11,1.6564382356580565e-10,3.1378629862036827e-09,8.4448121001392538e-07,6.9596406841332643e-11,5.5527357452075931e-07,3.4796520189039566e-11,2.0619242509938074e-09,1.7293192456449596e-10,1.456551595558109e-11,1.6265719466596274e-06,1.0756129585841363e-12,2.1440966651776723e-12,4.5395850091216479e-09,3.432625914342245e-10,5.4016236160653048e-08,2.5401359195310032e-11,0.66208943817245547,2.2740875903249822e-15,3.9376278764272384e-12,1.8702597987790244e-09,5.045777421555179e-10,3.6225888890346651e-09
0.0054999999999999997,0.20004171957685155,0.0,1585.2365334889178,0.19995828912350838,0.038990138030026655,4.855304897177641e-05,1.1909989140858254e-07,0.0004586176398490098,8.4966187657422993e-06,0.18553955329364141,1.152389651740469e-07,3.3734116306924724e-09,3.8492201877731479e-11,1.7388681052305775e-10,6.0678824765209783e-08,1.5306179758051121e-09,4.7979504862649946e-05,0.0020134363276664187,0.053446954841660718,0.055811616428218969,6.5010613307181713e-09,2.6948350620442074e-06,4.1692285371996348e-09,2.8669437102986674e-10,8.3819434946105434e-07,5.1220384381045449e-09,0.0013463820617934336,7.2304874818481218e-08,3.7545901319343685e-05,2.5460259239968045e-08,4.5567084689299877e-06,1.9107405838766102e-07,1.3912797645888587e-05,7.6420756837815474e-07,5.3171022615007323e-11,1.1722862724173144e-10,2.4851012236621487e-09,8.6119033522640693e-07,5.4652315188093774e-11,5.4992043614276151e-07,2.7713198992906069e-11,1.5120404646349981e-09,1.2793630037210881e-10,1.1387940290109473e-11,1.6267168626528773e-06,7.8101680187103631e-13,1.053368204716067e-12,3.6318825058117479e-09,3.3951857862824003e-10,4.9078488810307757e-08,1.7003261695450101e-11,0.66222425594246759,0.0,1.9065090276572878e-12,9.3442787126058238e-10,2.9598247324672902e-10,2.0474470856854028e-09
0.0060000000000000001,0.20007666997415471,0.0,1585.9047548187743,0.19992335940509534,0.039194108914542156,3.9334468963477535e-05,7.3140680118189561e-08,0.00034507610768808023,6.8372676627120781e-06,0.18527245656105648,7.6428728753083754e-08,2.2481176283925199e-09,2.0217288640059195e-11,9.4447042072777062e-11,4.0299008957680304e-08,1.0053038972520771e-09,3.8700023339347008e-05,0.0019901586107809919,0.053025488012154842,0.056365757059759582,4.6044515118203872e-09,2.0845544207848461e-06,2.7134468930009099e-09,1.7164164739341283e-10,6.6772461928080627e-07,4.1182808417820775e-09,0.0013400184834814223,5.2630924690663511e-08,3.0010965118977628e-05,1.5688483406236042e-08,3.3447672470395099e-06,1.2590091482832246e-07,1.1364150712803296e-05,7.5664418818666973e-07,3.2821139708209979e-11,8.7119821512759838e-11,2.0280968119754526e-09,8.7412742213013462e-07,4.4315447979048275e-11,5.4512461456194199e-07,2.2425998626563724e-11,1.1340650677902095e-09,9.8333415621707163e-11,9.2017188957003005e-12,1.6260274881025174e-06,6.0557478063193407e-13,5.7109838456184087e-13,2.9568726654737633e-09,3.3694243250022309e-10,4.5434278472683882e-08,1.2120287589455848e-11,0.66233033714210954,0.0,1.0480366774285931e-12,5.0034042170910968e-10,1.8673982749183394e-10,1.3120837676855761e-09
0.0070000000000000001,0.20017524312089405,0.0,1587.2411974784875,0.19982491029496485,0.039474229727601153,2.8917192364347556e-05,3.5241622477674639e-08,0.00022377870555437325,4.9920519650830136e-06,0.18486601767083996,4.0531896690035095e-08,1.2007765467588214e-09,7.7420805466399079e-12,3.9007452664145762e-11,2.2328483307281519e-08,5.4826604195612121e-10,2.8332481278680607e-05,0.0019682167050609233,0.052436995254008328,0.057124163478792928,2.8744605674896465e-09,1.4541721256497054e-06,1.4498771295888875e-09,8.1401346724546549e-11,4.7982344528019158e-07,3.0009479944805322e-09,0.0013291212314821489,3.3717081295380763e-08,2.1757163990234636e-05,7.6246748457193372e-09,2.0819334452205386e-06,6.6276594711291406e-08,8.2294095230527984e-06,7.4764675185761569e-07,1.6524167670946189e-11,5.6867038263975282e-11,1.5062067675633364e-09,8.9153345528505123e-07,3.2633735229955886e-11,5.3766082559884079e-07,1.5898010272459596e-11,7.060975500691002e-10,6.6955265105830762e-11,6.7480565950958209e-12,1.6240256798211069e-06,4.2717934263828539e-13,2.3454882617634022e-13,2.1182131485305497e-09,3.3437039462462529e-10,4.0876082509721566e-08,7.4932968380370779e-12,0.66247717041836018,8.2789659548195682e-15,4.6377360131783363e-13,1.948268190996498e-10,9.3924360435954576e-11,7.5664232537595576e-10
0.0080000000000000002,0.20029859332735356,0.0,1588.5776401382009,0.1997018517968068,0.039633378704697464,2.3669479702730432e-05,2.1142392413828529e-08,0.00016223436378830602,4.0782850008408252e-06,0.1846125461467896,2.5501760724367874e-08,7.597793133293432e-10,4.0992133056288701e-12,2.1985256141407031e-11,1.523832465324346e-08,3.7092409768522983e-10,2.3134654238873145e-05,0.0019576034985980223,0.052080079299788425,0.057585893080511798,2.1480797358425712e-09,1.1520386092848222e-06,9.6248338870350334e-10,4.9735620235500543e-11,3.8541004118444036e-07,2.4500854473507973e-09,0.001321693637521478,2.5422584254707011e-08,1.7565606843128606e-05,4.7010406364487251e-09,1.4926079750739529e-06,4.219252070283178e-08,6.4996371170296066e-06,7.442217144807795e-07,1.0816606158281139e-11,4.3289150533119792e-11,1.2406987432355881e-09,9.0167825231817053e-07,2.6753673063093888e-11,5.3292139647586112e-07,1.2074907084928232e-11,4.8274495768984254e-10,5.2197425273892275e-11,5.5270687204832468e-12,1.6225219691961401e-06,3.4277873601345083e-13,1.3128760707936395e-13,1.6492343680955863e-09,3.3383759778500912e-10,3.8304284694961318e-08,5.5124245987878576e-12,0.6625646083802238,0.0,2.7940338737390806e-13,1.0094771334735166e-10,5.8628797914917494e-11,5.3212346548935751e-10
0.01,0.20029859333281,0.0,1588.5776401382009,0.19970185179178992,0.039633378730848691,2.3669479702085898e-05,2.1142392413252808e-08,0.00016223436378388825,4.0782850007297708e-06,0.18461254614176245,2.5501760723673446e-08,7.5977931330865376e-10,4.099213305517246e-12,2.1985256140808359e-11,1.5238324652828513e-08,3.7092409767512939e-10,2.3134654238243176e-05,0.0019576034985447151,0.052080079298370253,0.057585893078943705,2.1480797357840775e-09,1.1520386092534517e-06,9.6248338867729413e-10,4.9735620234146215e-11,3.8541004117394541e-07,2.4500854472840806e-09,0.0013216936374854877,2.5422584254014737e-08,1.7565606842650283e-05,4.7010406363207131e-09,1.4926079750333082e-06,4.2192520701682846e-08,6.4996371168526174e-06,7.4422171446051381e-07,1.08166061579866e-11,4.3289150531941008e-11,1.2406987432018015e-09,9.0167825229361589e-07,2.6753673062365368e-11,5.3292139646134964e-07,1.2074907084599447e-11,4.8274495767669699e-10,5.2197425272470901e-11,5.5270687203327427e-12,1.6225219691519582e-06,3.4277873600411672e-13,1.3128760707578896e-13,1.6492343680506802e-09,3.3383759777591856e-10,3.8304284693918264e-08,5.5124245986377485e-12,0.66256460836218178,0.0,2.794033873662997e-13,1.009477133446028e-10,5.8628797913320984e-11,5.3212346547486748e-10
